lat,lon,composite_index
33.2,126.25,47.35
33.2,126.3,46.45
33.25,126.2,45.3
33.25,126.25,48.39
33.25,126.3,51.57
33.25,126.35,57.59
33.25,126.4,62.34
33.25,126.45,65.55
33.25,126.5,67.18
33.25,126.55,67.27
33.25,126.6,66.9
33.25,126.65,68.92
33.25,126.7,67.77
33.3,126.2,43.26
33.3,126.25,50.95
33.3,126.3,54.82
33.3,126.35,62.48
33.3,126.4,73.1
33.3,126.45,83.41
33.3,126.5,88.47
33.3,126.55,86.92
33.3,126.6,77.98
33.3,126.65,76.1
33.3,126.7,72.95
33.3,126.75,68.17
33.3,126.8,65.39
33.3,126.85,64.11
33.35,126.2,45.34
33.35,126.25,50.23
33.35,126.3,57.28
33.35,126.35,69.44
33.35,126.4,84.42
33.35,126.45,105.06
33.35,126.5,127.78
33.35,126.55,137.41
33.35,126.6,115.66
33.35,126.65,96.0
33.35,126.7,82.27
33.35,126.75,71.97
33.35,126.8,66.84
33.35,126.85,65.95
33.4,126.25,47.45
33.4,126.3,50.22
33.4,126.35,60.1
33.4,126.4,73.22
33.4,126.45,89.04
33.4,126.5,104.49
33.4,126.55,113.22
33.4,126.6,116.14
33.4,126.65,110.59
33.4,126.7,93.64
33.4,126.75,80.56
33.4,126.8,69.33
33.4,126.85,67.92
33.4,126.9,67.32
33.45,126.3,48.28
33.45,126.35,53.39
33.45,126.4,58.84
33.45,126.45,66.44
33.45,126.5,72.58
33.45,126.55,77.76
33.45,126.6,80.94
33.45,126.65,85.05
33.45,126.7,80.73
33.45,126.75,77.23
33.45,126.8,68.83
33.45,126.85,64.06
33.45,126.9,62.04
33.5,126.45,60.33
33.5,126.5,61.51
33.5,126.55,62.44
33.5,126.6,65.54
33.5,126.65,64.25
33.5,126.7,65.19
33.5,126.75,65.09
33.5,126.8,60.4
33.5,126.85,59.3
33.5,126.9,58.17
33.5,126.95,58.14
33.55,126.65,58.13
33.55,126.7,59.17
33.55,126.75,60.02
33.55,126.8,58.29
33.55,126.85,58.29
34.15,126.55,57.22
34.15,126.6,49.91
34.15,126.65,50.77
34.15,126.85,49.81
34.15,126.9,49.36
34.2,126.55,50.68
34.2,126.6,49.27
34.2,126.9,52.15
34.2,127.25,50.29
34.25,125.95,43.35
34.25,127.25,49.52
34.3,126.05,44.23
34.3,126.1,45.76
34.3,126.55,47.87
34.3,126.6,48.24
34.3,126.7,49.92
34.3,126.75,49.49
34.3,126.85,48.49
34.3,126.95,49.87
34.3,127.0,56.03
34.35,126.15,43.57
34.35,126.2,44.66
34.35,126.3,45.05
34.35,126.5,43.94
34.35,126.55,47.08
34.35,126.6,49.75
34.35,126.65,53.33
34.35,126.7,61.88
34.35,126.75,51.15
34.35,126.85,50.17
34.35,126.9,56.43
34.35,126.95,54.64
34.35,127.05,50.71
34.4,126.1,42.3
34.4,126.15,43.27
34.4,126.2,44.09
34.4,126.25,45.88
34.4,126.3,46.52
34.4,126.35,46.55
34.4,126.5,44.85
34.4,126.55,46.12
34.4,126.6,48.72
34.4,126.65,50.15
34.4,126.7,53.72
34.4,126.8,49.22
34.4,126.85,47.15
34.4,126.9,50.53
34.4,127.5,47.56
34.45,126.15,42.71
34.45,126.2,43.86
34.45,126.25,46.84
34.45,126.3,47.02
34.45,126.35,47.22
34.45,126.5,47.37
34.45,126.55,46.76
34.45,126.6,50.02
34.45,126.65,54.53
34.45,126.7,51.19
34.45,126.75,47.23
34.45,126.8,49.55
34.45,126.85,50.76
34.45,126.9,50.81
34.45,126.95,50.89
34.45,127.0,51.26
34.45,127.05,50.3
34.45,127.1,49.61
34.45,127.15,51.01
34.45,127.2,52.55
34.45,127.25,49.33
34.45,127.3,46.79
34.45,127.35,44.11
34.45,127.5,49.06
34.45,127.55,49.08
34.5,126.2,44.92
34.5,126.25,45.9
34.5,126.3,46.49
34.5,126.35,47.78
34.5,126.45,48.06
34.5,126.5,48.49
34.5,126.55,48.76
34.5,126.6,50.71
34.5,126.65,54.21
34.5,126.7,54.52
34.5,126.75,48.0
34.5,126.8,52.0
34.5,126.85,55.27
34.5,126.9,54.37
34.5,126.95,51.28
34.5,127.3,50.39
34.5,127.35,49.51
34.5,127.4,53.27
34.5,127.45,48.78
34.5,127.5,49.78
34.5,127.75,50.32
34.5,127.8,51.65
34.55,126.05,42.15
34.55,126.1,43.1
34.55,126.25,44.21
34.55,126.3,43.96
34.55,126.35,44.28
34.55,126.4,45.95
34.55,126.45,47.25
34.55,126.5,49.02
34.55,126.55,49.67
34.55,126.6,50.12
34.55,126.65,52.91
34.55,126.7,53.21
34.55,126.75,49.59
34.55,126.8,50.77
34.55,126.85,52.32
34.55,126.9,57.28
34.55,126.95,55.52
34.55,127.0,51.49
34.55,127.15,50.86
34.55,127.2,49.74
34.55,127.25,51.31
34.55,127.3,53.95
34.55,127.35,51.11
34.55,127.4,52.39
34.55,127.65,51.13
34.55,127.7,48.74
34.55,127.75,52.46
34.6,125.85,44.5
34.6,126.05,42.27
34.6,126.1,42.46
34.6,126.15,40.87
34.6,126.3,43.29
34.6,126.35,43.0
34.6,126.4,44.27
34.6,126.45,45.76
34.6,126.5,47.6
34.6,126.55,49.11
34.6,126.6,51.82
34.6,126.65,50.88
34.6,126.7,54.05
34.6,126.75,51.94
34.6,126.8,52.15
34.6,126.85,57.74
34.6,126.9,55.92
34.6,126.95,53.7
34.6,127.0,53.56
34.6,127.2,50.25
34.6,127.25,54.13
34.6,127.3,54.42
34.6,127.35,53.68
34.6,127.4,53.23
34.6,127.45,55.59
34.6,127.5,51.99
34.6,127.55,48.58
34.6,127.75,53.8
34.6,127.8,56.25
34.65,125.4,40.82
34.65,125.45,40.24
34.65,125.95,42.85
34.65,126.0,43.02
34.65,126.1,41.72
34.65,126.15,39.55
34.65,126.2,39.24
34.65,126.3,41.64
34.65,126.35,41.06
34.65,126.4,41.64
34.65,126.45,43.89
34.65,126.5,45.89
34.65,126.55,48.51
34.65,126.6,50.83
34.65,126.65,52.98
34.65,126.7,53.45
34.65,126.75,51.94
34.65,126.8,52.75
34.65,126.85,52.92
34.65,126.9,54.92
34.65,126.95,57.82
34.65,127.0,58.71
34.65,127.05,57.99
34.65,127.1,53.13
34.65,127.25,52.25
34.65,127.3,52.21
34.65,127.35,52.0
34.65,127.4,51.67
34.65,127.45,51.39
34.65,127.6,52.43
34.65,127.75,54.84
34.65,127.8,54.41
34.65,128.25,48.07
34.7,125.4,40.34
34.7,125.9,42.66
34.7,125.95,42.73
34.7,126.0,42.37
34.7,126.1,42.05
34.7,126.15,43.0
34.7,126.2,41.25
34.7,126.3,42.79
34.7,126.35,41.58
34.7,126.4,41.72
34.7,126.45,42.34
34.7,126.5,43.7
34.7,126.55,46.94
34.7,126.6,49.06
34.7,126.65,52.25
34.7,126.7,51.84
34.7,126.75,50.64
34.7,126.8,50.34
34.7,126.85,56.67
34.7,126.9,56.08
34.7,126.95,60.2
34.7,127.0,64.6
34.7,127.05,61.26
34.7,127.1,59.3
34.7,127.15,56.68
34.7,127.2,56.9
34.7,127.25,51.38
34.7,127.3,50.7
34.7,127.35,52.06
34.7,127.4,52.66
34.7,127.45,51.58
34.7,127.55,53.63
34.7,127.6,51.98
34.7,127.65,52.98
34.7,127.8,51.14
34.7,128.0,54.63
34.7,128.05,53.05
34.7,128.2,59.39
34.7,128.6,55.39
34.75,125.9,43.2
34.75,125.95,42.87
34.75,126.0,41.91
34.75,126.1,43.6
34.75,126.15,43.51
34.75,126.2,41.33
34.75,126.3,43.48
34.75,126.4,41.53
34.75,126.45,41.51
34.75,126.5,41.0
34.75,126.55,46.05
34.75,126.6,45.11
34.75,126.65,50.41
34.75,126.7,58.55
34.75,126.75,53.92
34.75,126.8,55.95
34.75,126.85,56.76
34.75,126.9,56.34
34.75,126.95,59.98
34.75,127.0,59.37
34.75,127.05,60.9
34.75,127.1,61.4
34.75,127.15,56.97
34.75,127.2,53.26
34.75,127.25,53.4
34.75,127.3,54.61
34.75,127.35,54.64
34.75,127.4,54.57
34.75,127.6,52.34
34.75,127.65,53.38
34.75,127.7,54.07
34.75,127.75,54.36
34.75,127.85,57.39
34.75,127.9,59.8
34.75,127.95,60.52
34.75,128.0,65.17
34.75,128.05,61.26
34.75,128.4,52.81
34.75,128.45,52.09
34.75,128.5,52.05
34.75,128.6,53.07
34.75,128.65,53.76
34.8,126.0,42.44
34.8,126.1,46.17
34.8,126.15,42.65
34.8,126.35,41.51
34.8,126.4,42.17
34.8,126.45,43.83
34.8,126.5,42.65
34.8,126.55,43.2
34.8,126.6,42.54
34.8,126.65,45.45
34.8,126.7,49.27
34.8,126.75,53.89
34.8,126.8,58.9
34.8,126.85,57.59
34.8,126.9,57.84
34.8,126.95,58.88
34.8,127.0,59.28
34.8,127.05,59.22
34.8,127.1,58.53
34.8,127.15,58.83
34.8,127.2,60.7
34.8,127.25,54.65
34.8,127.3,57.34
34.8,127.35,55.48
34.8,127.4,53.95
34.8,127.55,53.5
34.8,127.6,55.18
34.8,127.65,53.39
34.8,127.7,57.67
34.8,127.75,59.35
34.8,127.85,61.5
34.8,127.9,69.23
34.8,127.95,68.93
34.8,128.0,64.18
34.8,128.05,58.68
34.8,128.25,56.49
34.8,128.4,53.28
34.8,128.45,53.87
34.8,128.5,50.86
34.8,128.55,51.77
34.8,128.6,52.88
34.8,128.65,52.03
34.8,128.7,50.57
34.85,126.0,44.5
34.85,126.05,46.21
34.85,126.1,46.11
34.85,126.15,43.0
34.85,126.3,41.11
34.85,126.35,41.74
34.85,126.4,42.76
34.85,126.45,44.99
34.85,126.5,44.59
34.85,126.55,42.57
34.85,126.6,42.54
34.85,126.65,43.02
34.85,126.7,47.18
34.85,126.75,51.19
34.85,126.8,57.18
34.85,126.85,57.73
34.85,126.9,57.04
34.85,126.95,56.47
34.85,127.0,56.52
34.85,127.05,57.52
34.85,127.1,58.05
34.85,127.15,56.32
34.85,127.2,59.02
34.85,127.25,62.67
34.85,127.3,57.12
34.85,127.35,54.57
34.85,127.4,57.96
34.85,127.45,55.21
34.85,127.5,55.43
34.85,127.55,55.23
34.85,127.6,57.41
34.85,127.7,58.75
34.85,127.75,57.29
34.85,127.85,68.73
34.85,127.9,63.81
34.85,128.0,60.51
34.85,128.05,56.23
34.85,128.2,56.51
34.85,128.4,53.29
34.85,128.45,51.35
34.85,128.5,54.65
34.85,128.55,57.36
34.85,128.6,60.61
34.85,128.65,59.0
34.85,128.7,51.86
34.85,128.75,44.13
34.9,126.0,44.36
34.9,126.05,46.79
34.9,126.1,44.28
34.9,126.25,44.72
34.9,126.3,39.95
34.9,126.35,41.07
34.9,126.4,43.77
34.9,126.45,46.61
34.9,126.5,46.14
34.9,126.55,43.55
34.9,126.6,41.86
34.9,126.65,42.24
34.9,126.7,45.4
34.9,126.75,46.97
34.9,126.8,51.41
34.9,126.85,49.83
34.9,126.9,50.23
34.9,126.95,52.65
34.9,127.0,53.76
34.9,127.05,54.28
34.9,127.1,54.69
34.9,127.15,54.42
34.9,127.2,55.48
34.9,127.25,60.46
34.9,127.3,60.77
34.9,127.35,59.3
34.9,127.4,61.51
34.9,127.45,58.46
34.9,127.5,57.53
34.9,127.55,57.46
34.9,127.6,55.39
34.9,127.65,55.65
34.9,127.7,52.44
34.9,127.75,54.82
34.9,127.85,60.09
34.9,127.9,60.65
34.9,128.0,60.1
34.9,128.05,55.57
34.9,128.1,53.09
34.9,128.15,55.75
34.9,128.2,58.16
34.9,128.3,55.23
34.9,128.35,58.11
34.9,128.4,57.54
34.9,128.45,50.93
34.9,128.5,53.53
34.9,128.55,59.97
34.9,128.6,66.2
34.9,128.65,54.83
34.9,128.7,50.46
34.95,126.15,41.68
34.95,126.3,42.19
34.95,126.35,42.49
34.95,126.4,42.23
34.95,126.45,44.68
34.95,126.5,46.68
34.95,126.55,43.95
34.95,126.6,42.75
34.95,126.65,43.07
34.95,126.7,45.48
34.95,126.75,46.72
34.95,126.8,48.61
34.95,126.85,50.4
34.95,126.9,48.63
34.95,126.95,49.1
34.95,127.0,50.92
34.95,127.05,51.85
34.95,127.1,51.79
34.95,127.15,52.0
34.95,127.2,52.47
34.95,127.25,54.78
34.95,127.3,62.59
34.95,127.35,62.63
34.95,127.4,58.92
34.95,127.45,61.28
34.95,127.5,59.76
34.95,127.55,57.8
34.95,127.6,55.09
34.95,127.65,58.55
34.95,127.7,56.66
34.95,127.75,51.5
34.95,127.8,49.18
34.95,127.85,57.91
34.95,127.9,59.47
34.95,128.05,56.79
34.95,128.1,59.43
34.95,128.15,61.59
34.95,128.2,61.21
34.95,128.25,58.64
34.95,128.3,56.01
34.95,128.35,53.95
34.95,128.4,60.08
34.95,128.45,59.9
34.95,128.55,50.23
34.95,128.6,57.68
34.95,128.65,52.82
34.95,128.7,49.55
35.0,126.15,43.13
35.0,126.25,43.33
35.0,126.4,42.72
35.0,126.45,43.12
35.0,126.5,45.27
35.0,126.55,45.05
35.0,126.6,44.63
35.0,126.65,45.06
35.0,126.7,48.08
35.0,126.75,47.97
35.0,126.8,47.15
35.0,126.85,47.46
35.0,126.9,48.27
35.0,126.95,48.6
35.0,127.0,49.41
35.0,127.05,49.79
35.0,127.1,49.97
35.0,127.15,50.08
35.0,127.2,52.14
35.0,127.25,52.23
35.0,127.3,60.55
35.0,127.35,62.36
35.0,127.4,60.65
35.0,127.45,61.25
35.0,127.5,57.92
35.0,127.55,60.94
35.0,127.6,58.85
35.0,127.65,62.41
35.0,127.7,59.0
35.0,127.75,58.45
35.0,127.8,56.19
35.0,127.85,60.21
35.0,127.9,60.51
35.0,127.95,55.68
35.0,128.0,54.61
35.0,128.05,54.12
35.0,128.1,63.55
35.0,128.15,62.27
35.0,128.2,60.72
35.0,128.25,62.03
35.0,128.3,58.0
35.0,128.35,55.36
35.0,128.4,58.39
35.0,128.45,62.2
35.0,128.5,55.9
35.0,128.65,49.64
35.0,128.7,49.05
35.0,128.85,42.6
35.05,126.05,46.17
35.05,126.1,45.55
35.05,126.15,44.43
35.05,126.2,45.14
35.05,126.25,42.72
35.05,126.3,42.06
35.05,126.35,42.91
35.05,126.4,43.4
35.05,126.45,45.23
35.05,126.5,46.69
35.05,126.55,47.94
35.05,126.6,46.19
35.05,126.65,48.65
35.05,126.7,49.22
35.05,126.75,47.69
35.05,126.8,46.47
35.05,126.85,46.18
35.05,126.9,47.72
35.05,126.95,49.45
35.05,127.0,49.88
35.05,127.05,49.03
35.05,127.1,49.82
35.05,127.15,49.68
35.05,127.2,52.72
35.05,127.25,52.51
35.05,127.3,52.91
35.05,127.35,59.35
35.05,127.4,58.74
35.05,127.45,57.99
35.05,127.5,61.19
35.05,127.55,64.91
35.05,127.6,65.74
35.05,127.65,70.01
35.05,127.7,64.45
35.05,127.75,62.68
35.05,127.8,60.5
35.05,127.85,58.28
35.05,127.9,58.34
35.05,127.95,57.03
35.05,128.0,56.35
35.05,128.05,54.8
35.05,128.1,56.77
35.05,128.15,57.94
35.05,128.2,59.52
35.05,128.25,64.81
35.05,128.3,61.71
35.05,128.35,55.84
35.05,128.4,55.96
35.05,128.45,56.3
35.05,128.6,49.8
35.05,128.85,46.64
35.05,129.0,46.82
35.05,129.05,49.03
35.05,129.1,46.6
35.1,126.1,44.21
35.1,126.2,45.2
35.1,126.25,42.64
35.1,126.3,43.44
35.1,126.4,43.2
35.1,126.45,45.1
35.1,126.5,45.44
35.1,126.55,50.95
35.1,126.6,48.36
35.1,126.65,49.75
35.1,126.7,46.73
35.1,126.75,46.8
35.1,126.8,46.61
35.1,126.85,46.88
35.1,126.9,46.77
35.1,126.95,46.09
35.1,127.0,47.44
35.1,127.05,49.15
35.1,127.1,50.04
35.1,127.15,50.64
35.1,127.2,52.16
35.1,127.25,51.54
35.1,127.3,52.3
35.1,127.35,57.73
35.1,127.4,55.67
35.1,127.45,54.49
35.1,127.5,57.53
35.1,127.55,66.46
35.1,127.6,75.78
35.1,127.65,75.07
35.1,127.7,62.16
35.1,127.75,64.42
35.1,127.8,60.83
35.1,127.85,60.71
35.1,127.9,60.96
35.1,127.95,57.42
35.1,128.0,56.61
35.1,128.05,54.93
35.1,128.1,54.17
35.1,128.15,55.78
35.1,128.2,55.57
35.1,128.25,61.0
35.1,128.3,63.28
35.1,128.35,61.22
35.1,128.4,59.73
35.1,128.45,58.7
35.1,128.5,59.21
35.1,128.55,55.99
35.1,128.6,54.52
35.1,128.7,48.09
35.1,128.75,49.79
35.1,128.8,47.79
35.1,128.85,47.13
35.1,128.9,47.29
35.1,128.95,46.03
35.1,129.0,45.25
35.1,129.05,50.28
35.1,129.1,50.75
35.1,129.15,51.99
35.15,126.4,45.51
35.15,126.45,47.95
35.15,126.5,47.21
35.15,126.55,51.02
35.15,126.6,48.53
35.15,126.65,46.87
35.15,126.7,46.74
35.15,126.75,46.23
35.15,126.8,46.11
35.15,126.85,46.24
35.15,126.9,47.81
35.15,126.95,45.97
35.15,127.0,47.68
35.15,127.05,49.32
35.15,127.1,51.87
35.15,127.15,52.2
35.15,127.2,52.93
35.15,127.25,51.17
35.15,127.3,53.16
35.15,127.35,53.87
35.15,127.4,57.58
35.15,127.45,55.14
35.15,127.5,58.11
35.15,127.55,59.38
35.15,127.6,67.8
35.15,127.65,64.52
35.15,127.7,62.36
35.15,127.75,67.2
35.15,127.8,65.91
35.15,127.85,65.72
35.15,127.9,59.7
35.15,127.95,58.11
35.15,128.0,55.95
35.15,128.05,52.47
35.15,128.1,53.33
35.15,128.15,52.31
35.15,128.2,56.11
35.15,128.25,55.57
35.15,128.3,56.43
35.15,128.35,57.66
35.15,128.4,61.97
35.15,128.45,64.84
35.15,128.5,61.41
35.15,128.55,59.26
35.15,128.6,54.78
35.15,128.65,53.19
35.15,128.7,50.12
35.15,128.75,49.7
35.15,128.8,48.58
35.15,128.85,47.3
35.15,128.9,47.22
35.15,128.95,47.08
35.15,129.0,48.1
35.15,129.05,49.96
35.15,129.1,49.57
35.15,129.15,51.4
35.15,129.2,52.44
35.2,126.3,42.73
35.2,126.35,43.75
35.2,126.4,45.37
35.2,126.45,47.32
35.2,126.5,47.3
35.2,126.55,50.05
35.2,126.6,49.62
35.2,126.65,46.56
35.2,126.7,46.04
35.2,126.75,45.9
35.2,126.8,46.42
35.2,126.85,46.14
35.2,126.9,47.18
35.2,126.95,46.5
35.2,127.0,46.58
35.2,127.05,48.67
35.2,127.1,51.42
35.2,127.15,50.6
35.2,127.2,51.77
35.2,127.25,51.18
35.2,127.3,54.21
35.2,127.35,56.71
35.2,127.4,54.88
35.2,127.45,55.03
35.2,127.5,54.28
35.2,127.55,61.79
35.2,127.6,63.92
35.2,127.65,66.04
35.2,127.7,72.27
35.2,127.75,72.64
35.2,127.8,71.37
35.2,127.85,69.63
35.2,127.9,61.37
35.2,127.95,60.54
35.2,128.0,57.0
35.2,128.05,54.73
35.2,128.1,52.29
35.2,128.15,50.65
35.2,128.2,55.26
35.2,128.25,52.27
35.2,128.3,53.45
35.2,128.35,55.42
35.2,128.4,62.42
35.2,128.45,56.88
35.2,128.5,64.34
35.2,128.55,63.71
35.2,128.6,52.65
35.2,128.65,52.18
35.2,128.7,49.25
35.2,128.75,49.42
35.2,128.8,46.89
35.2,128.85,45.64
35.2,128.9,45.62
35.2,128.95,45.51
35.2,129.0,46.88
35.2,129.05,49.92
35.2,129.1,51.28
35.2,129.15,50.98
35.2,129.2,51.29
35.2,129.25,50.3
35.25,126.3,42.19
35.25,126.35,43.32
35.25,126.4,43.89
35.25,126.45,43.88
35.25,126.5,45.04
35.25,126.55,47.62
35.25,126.6,53.89
35.25,126.65,49.69
35.25,126.7,47.15
35.25,126.75,47.65
35.25,126.8,47.48
35.25,126.85,47.59
35.25,126.9,46.99
35.25,126.95,47.17
35.25,127.0,47.85
35.25,127.05,48.61
35.25,127.1,49.7
35.25,127.15,49.31
35.25,127.2,49.94
35.25,127.25,51.98
35.25,127.3,49.62
35.25,127.35,53.63
35.25,127.4,55.76
35.25,127.45,53.97
35.25,127.5,59.66
35.25,127.55,69.31
35.25,127.6,69.67
35.25,127.65,67.49
35.25,127.7,75.02
35.25,127.75,75.71
35.25,127.8,73.43
35.25,127.85,70.05
35.25,127.9,65.1
35.25,127.95,60.2
35.25,128.0,58.37
35.25,128.05,57.42
35.25,128.1,53.77
35.25,128.15,52.67
35.25,128.2,53.29
35.25,128.25,51.62
35.25,128.3,52.62
35.25,128.35,50.52
35.25,128.4,50.79
35.25,128.45,52.25
35.25,128.5,56.34
35.25,128.55,54.31
35.25,128.6,55.63
35.25,128.65,51.34
35.25,128.7,51.66
35.25,128.75,48.97
35.25,128.8,46.83
35.25,128.85,46.25
35.25,128.9,46.55
35.25,128.95,47.11
35.25,129.0,47.95
35.25,129.05,51.37
35.25,129.1,51.91
35.25,129.15,50.69
35.25,129.2,51.2
35.25,129.25,51.32
35.3,126.4,48.01
35.3,126.45,46.31
35.3,126.5,45.28
35.3,126.55,44.67
35.3,126.6,46.88
35.3,126.65,51.96
35.3,126.7,52.13
35.3,126.75,48.96
35.3,126.8,47.67
35.3,126.85,50.72
35.3,126.9,51.2
35.3,126.95,48.05
35.3,127.0,48.44
35.3,127.05,48.75
35.3,127.1,48.73
35.3,127.15,49.69
35.3,127.2,48.41
35.3,127.25,50.93
35.3,127.3,48.38
35.3,127.35,49.92
35.3,127.4,56.46
35.3,127.45,56.52
35.3,127.5,63.68
35.3,127.55,70.47
35.3,127.6,74.23
35.3,127.65,73.8
35.3,127.7,79.85
35.3,127.75,83.0
35.3,127.8,77.18
35.3,127.85,71.05
35.3,127.9,68.73
35.3,127.95,60.47
35.3,128.0,58.79
35.3,128.05,61.55
35.3,128.1,57.08
35.3,128.15,55.42
35.3,128.2,54.59
35.3,128.25,54.5
35.3,128.3,48.46
35.3,128.35,47.6
35.3,128.4,49.25
35.3,128.45,51.78
35.3,128.5,51.3
35.3,128.55,52.49
35.3,128.6,53.5
35.3,128.65,52.38
35.3,128.7,49.97
35.3,128.75,49.3
35.3,128.8,46.42
35.3,128.85,45.15
35.3,128.9,46.1
35.3,128.95,47.07
35.3,129.0,49.26
35.3,129.05,53.92
35.3,129.1,51.47
35.3,129.15,51.57
35.3,129.2,50.77
35.3,129.25,49.1
35.3,129.3,48.44
35.35,126.4,46.37
35.35,126.45,44.56
35.35,126.5,44.64
35.35,126.55,43.77
35.35,126.6,44.11
35.35,126.65,47.04
35.35,126.7,52.17
35.35,126.75,53.04
35.35,126.8,48.9
35.35,126.85,50.43
35.35,126.9,52.66
35.35,126.95,50.74
35.35,127.0,49.01
35.35,127.05,49.67
35.35,127.1,51.28
35.35,127.15,51.88
35.35,127.2,48.96
35.35,127.25,50.71
35.35,127.3,48.33
35.35,127.35,48.46
35.35,127.4,52.72
35.35,127.45,58.26
35.35,127.5,67.12
35.35,127.55,70.03
35.35,127.6,70.13
35.35,127.65,71.39
35.35,127.7,71.92
35.35,127.75,82.02
35.35,127.8,74.71
35.35,127.85,70.03
35.35,127.9,69.08
35.35,127.95,64.21
35.35,128.0,59.85
35.35,128.05,56.77
35.35,128.1,54.72
35.35,128.15,56.17
35.35,128.2,59.19
35.35,128.25,55.1
35.35,128.3,50.1
35.35,128.35,47.46
35.35,128.4,47.97
35.35,128.45,48.53
35.35,128.5,48.26
35.35,128.55,49.73
35.35,128.6,51.14
35.35,128.65,50.93
35.35,128.7,49.37
35.35,128.75,46.87
35.35,128.8,44.03
35.35,128.85,44.54
35.35,128.9,45.47
35.35,128.95,46.74
35.35,129.0,48.6
35.35,129.05,49.75
35.35,129.1,53.41
35.35,129.15,55.08
35.35,129.2,58.4
35.35,129.25,52.17
35.35,129.3,48.93
35.35,129.35,49.35
35.4,126.45,44.28
35.4,126.5,43.44
35.4,126.55,46.41
35.4,126.6,44.57
35.4,126.65,45.92
35.4,126.7,49.52
35.4,126.75,52.08
35.4,126.8,50.24
35.4,126.85,51.37
35.4,126.9,52.11
35.4,126.95,54.33
35.4,127.0,53.39
35.4,127.05,54.11
35.4,127.1,53.3
35.4,127.15,53.21
35.4,127.2,49.69
35.4,127.25,50.22
35.4,127.3,50.31
35.4,127.35,49.21
35.4,127.4,49.7
35.4,127.45,52.89
35.4,127.5,61.68
35.4,127.55,66.75
35.4,127.6,68.39
35.4,127.65,64.84
35.4,127.7,66.07
35.4,127.75,67.28
35.4,127.8,66.71
35.4,127.85,65.24
35.4,127.9,62.25
35.4,127.95,67.93
35.4,128.0,59.1
35.4,128.05,56.6
35.4,128.1,53.68
35.4,128.15,53.21
35.4,128.2,61.23
35.4,128.25,57.37
35.4,128.3,52.39
35.4,128.35,50.34
35.4,128.4,48.91
35.4,128.45,47.98
35.4,128.5,47.04
35.4,128.55,48.02
35.4,128.6,48.51
35.4,128.65,48.04
35.4,128.7,45.36
35.4,128.75,46.45
35.4,128.8,44.55
35.4,128.85,44.57
35.4,128.9,49.97
35.4,128.95,50.49
35.4,129.0,58.21
35.4,129.05,51.34
35.4,129.1,59.93
35.4,129.15,62.38
35.4,129.2,61.05
35.4,129.25,55.94
35.4,129.3,49.65
35.4,129.35,48.07
35.45,126.45,41.42
35.45,126.5,42.99
35.45,126.55,46.08
35.45,126.6,46.45
35.45,126.65,47.24
35.45,126.7,47.51
35.45,126.75,52.96
35.45,126.8,53.2
35.45,126.85,57.71
35.45,126.9,58.04
35.45,126.95,54.93
35.45,127.0,54.18
35.45,127.05,56.14
35.45,127.1,53.31
35.45,127.15,53.43
35.45,127.2,52.92
35.45,127.25,51.32
35.45,127.3,52.42
35.45,127.35,50.74
35.45,127.4,51.37
35.45,127.45,52.6
35.45,127.5,57.37
35.45,127.55,60.47
35.45,127.6,62.83
35.45,127.65,65.19
35.45,127.7,64.1
35.45,127.75,59.18
35.45,127.8,58.25
35.45,127.85,59.32
35.45,127.9,60.61
35.45,127.95,64.49
35.45,128.0,65.92
35.45,128.05,58.49
35.45,128.1,55.79
35.45,128.15,54.11
35.45,128.2,55.58
35.45,128.25,55.89
35.45,128.3,53.15
35.45,128.35,48.76
35.45,128.4,48.52
35.45,128.45,47.13
35.45,128.5,45.05
35.45,128.55,48.31
35.45,128.6,48.69
35.45,128.65,46.08
35.45,128.7,46.09
35.45,128.75,45.58
35.45,128.8,44.12
35.45,128.85,49.66
35.45,128.9,52.83
35.45,128.95,53.54
35.45,129.0,58.45
35.45,129.05,53.43
35.45,129.1,51.49
35.45,129.15,62.06
35.45,129.2,54.72
35.45,129.25,52.07
35.45,129.3,47.64
35.45,129.35,47.21
35.45,129.4,47.45
35.5,126.5,43.54
35.5,126.55,47.74
35.5,126.6,49.66
35.5,126.65,47.88
35.5,126.7,45.02
35.5,126.75,47.64
35.5,126.8,49.02
35.5,126.85,52.9
35.5,126.9,55.75
35.5,126.95,56.81
35.5,127.0,54.97
35.5,127.05,54.72
35.5,127.1,58.14
35.5,127.15,54.87
35.5,127.2,53.17
35.5,127.25,52.76
35.5,127.3,51.07
35.5,127.35,50.53
35.5,127.4,51.33
35.5,127.45,55.63
35.5,127.5,55.59
35.5,127.55,56.26
35.5,127.6,61.5
35.5,127.65,60.57
35.5,127.7,56.66
35.5,127.75,52.73
35.5,127.8,54.41
35.5,127.85,56.41
35.5,127.9,60.89
35.5,127.95,65.76
35.5,128.0,68.65
35.5,128.05,60.85
35.5,128.1,55.21
35.5,128.15,53.46
35.5,128.2,53.06
35.5,128.25,57.12
35.5,128.3,57.86
35.5,128.35,51.04
35.5,128.4,47.77
35.5,128.45,46.23
35.5,128.5,46.57
35.5,128.55,51.79
35.5,128.6,50.18
35.5,128.65,45.07
35.5,128.7,44.75
35.5,128.75,44.63
35.5,128.8,43.88
35.5,128.85,46.67
35.5,128.9,48.87
35.5,128.95,51.8
35.5,129.0,56.51
35.5,129.05,62.04
35.5,129.1,51.58
35.5,129.15,53.46
35.5,129.2,53.87
35.5,129.25,52.18
35.5,129.3,47.58
35.5,129.35,46.68
35.5,129.4,47.13
35.5,129.45,46.14
35.55,126.6,45.12
35.55,126.65,45.68
35.55,126.7,45.32
35.55,126.75,46.22
35.55,126.8,48.95
35.55,126.85,51.53
35.55,126.9,53.78
35.55,126.95,53.29
35.55,127.0,53.76
35.55,127.05,53.42
35.55,127.1,53.56
35.55,127.15,55.43
35.55,127.2,52.35
35.55,127.25,52.68
35.55,127.3,51.86
35.55,127.35,49.94
35.55,127.4,49.91
35.55,127.45,56.24
35.55,127.5,57.16
35.55,127.55,56.53
35.55,127.6,60.29
35.55,127.65,58.35
35.55,127.7,59.02
35.55,127.75,55.73
35.55,127.8,51.98
35.55,127.85,56.95
35.55,127.9,61.5
35.55,127.95,59.83
35.55,128.0,60.02
35.55,128.05,56.16
35.55,128.1,53.76
35.55,128.15,50.61
35.55,128.2,51.06
35.55,128.25,51.49
35.55,128.3,50.42
35.55,128.35,50.28
35.55,128.4,48.61
35.55,128.45,46.28
35.55,128.5,47.32
35.55,128.55,51.91
35.55,128.6,50.25
35.55,128.65,45.92
35.55,128.7,47.24
35.55,128.75,45.16
35.55,128.8,44.53
35.55,128.85,50.18
35.55,128.9,50.99
35.55,128.95,55.63
35.55,129.0,62.97
35.55,129.05,63.28
35.55,129.1,52.98
35.55,129.15,50.49
35.55,129.2,50.67
35.55,129.25,49.84
35.55,129.3,47.69
35.55,129.35,46.41
35.55,129.4,49.23
35.55,129.45,51.65
35.6,126.5,45.38
35.6,126.55,51.41
35.6,126.6,48.3
35.6,126.65,48.0
35.6,126.7,45.57
35.6,126.75,44.94
35.6,126.8,49.04
35.6,126.85,49.69
35.6,126.9,48.2
35.6,126.95,46.49
35.6,127.0,46.53
35.6,127.05,49.08
35.6,127.1,51.26
35.6,127.15,52.69
35.6,127.2,51.6
35.6,127.25,51.85
35.6,127.3,51.57
35.6,127.35,50.93
35.6,127.4,51.91
35.6,127.45,59.4
35.6,127.5,60.33
35.6,127.55,61.9
35.6,127.6,63.95
35.6,127.65,60.53
35.6,127.7,60.64
35.6,127.75,55.88
35.6,127.8,52.26
35.6,127.85,54.97
35.6,127.9,54.9
35.6,127.95,56.37
35.6,128.0,56.06
35.6,128.05,55.47
35.6,128.1,56.75
35.6,128.15,52.07
35.6,128.2,50.33
35.6,128.25,50.35
35.6,128.3,50.93
35.6,128.35,49.75
35.6,128.4,47.31
35.6,128.45,45.86
35.6,128.5,46.75
35.6,128.55,48.19
35.6,128.6,46.3
35.6,128.65,46.39
35.6,128.7,53.62
35.6,128.75,48.37
35.6,128.8,46.47
35.6,128.85,47.32
35.6,128.9,51.48
35.6,128.95,55.63
35.6,129.0,59.68
35.6,129.05,56.69
35.6,129.1,52.06
35.6,129.15,48.99
35.6,129.2,49.79
35.6,129.25,51.64
35.6,129.3,49.89
35.6,129.35,48.83
35.6,129.4,53.01
35.6,129.45,52.16
35.65,126.5,42.56
35.65,126.55,46.87
35.65,126.6,49.92
35.65,126.65,51.23
35.65,126.7,45.36
35.65,126.75,44.88
35.65,126.8,46.73
35.65,126.85,45.48
35.65,126.9,44.74
35.65,126.95,45.29
35.65,127.0,46.87
35.65,127.05,51.88
35.65,127.1,50.96
35.65,127.15,51.46
35.65,127.2,51.86
35.65,127.25,50.89
35.65,127.3,50.59
35.65,127.35,52.7
35.65,127.4,52.99
35.65,127.45,62.34
35.65,127.5,62.15
35.65,127.55,57.76
35.65,127.6,57.28
35.65,127.65,54.23
35.65,127.7,52.81
35.65,127.75,55.0
35.65,127.8,52.52
35.65,127.85,51.91
35.65,127.9,52.34
35.65,127.95,51.28
35.65,128.0,52.66
35.65,128.05,55.96
35.65,128.1,56.58
35.65,128.15,53.33
35.65,128.2,51.27
35.65,128.25,50.67
35.65,128.3,49.63
35.65,128.35,47.93
35.65,128.4,45.3
35.65,128.45,44.7
35.65,128.5,50.57
35.65,128.55,52.04
35.65,128.6,45.2
35.65,128.65,43.94
35.65,128.7,43.42
35.65,128.75,43.33
35.65,128.8,48.85
35.65,128.85,46.32
35.65,128.9,45.2
35.65,128.95,50.6
35.65,129.0,52.33
35.65,129.05,57.67
35.65,129.1,55.5
35.65,129.15,51.07
35.65,129.2,48.67
35.65,129.25,52.56
35.65,129.3,50.46
35.65,129.35,48.46
35.65,129.4,53.17
35.65,129.45,50.6
35.7,126.55,43.41
35.7,126.6,46.68
35.7,126.65,46.39
35.7,126.7,46.27
35.7,126.75,46.07
35.7,126.8,43.89
35.7,126.85,42.89
35.7,126.9,43.24
35.7,126.95,44.5
35.7,127.0,46.95
35.7,127.05,51.17
35.7,127.1,53.65
35.7,127.15,51.43
35.7,127.2,53.55
35.7,127.25,52.4
35.7,127.3,51.65
35.7,127.35,52.29
35.7,127.4,52.58
35.7,127.45,59.68
35.7,127.5,57.38
35.7,127.55,54.21
35.7,127.6,52.87
35.7,127.65,52.84
35.7,127.7,52.5
35.7,127.75,55.65
35.7,127.8,54.94
35.7,127.85,50.88
35.7,127.9,51.17
35.7,127.95,50.54
35.7,128.0,51.69
35.7,128.05,54.07
35.7,128.1,55.79
35.7,128.15,51.7
35.7,128.2,51.73
35.7,128.25,49.8
35.7,128.3,48.36
35.7,128.35,46.88
35.7,128.4,44.8
35.7,128.45,44.64
35.7,128.5,51.06
35.7,128.55,58.59
35.7,128.6,48.98
35.7,128.65,50.44
35.7,128.7,46.52
35.7,128.75,48.01
35.7,128.8,48.67
35.7,128.85,48.8
35.7,128.9,45.54
35.7,128.95,47.18
35.7,129.0,50.53
35.7,129.05,52.18
35.7,129.1,51.78
35.7,129.15,49.41
35.7,129.2,46.81
35.7,129.25,49.1
35.7,129.3,47.55
35.7,129.35,47.39
35.7,129.4,52.02
35.7,129.45,50.1
35.7,129.5,49.44
35.75,126.65,43.55
35.75,126.7,44.79
35.75,126.75,44.23
35.75,126.8,43.11
35.75,126.85,41.73
35.75,126.9,42.38
35.75,126.95,42.28
35.75,127.0,44.48
35.75,127.05,50.32
35.75,127.1,48.6
35.75,127.15,47.2
35.75,127.2,50.16
35.75,127.25,51.73
35.75,127.3,53.25
35.75,127.35,51.37
35.75,127.4,50.53
35.75,127.45,51.64
35.75,127.5,52.37
35.75,127.55,51.67
35.75,127.6,52.24
35.75,127.65,53.54
35.75,127.7,54.83
35.75,127.75,53.05
35.75,127.8,54.54
35.75,127.85,52.83
35.75,127.9,52.14
35.75,127.95,50.87
35.75,128.0,51.89
35.75,128.05,55.39
35.75,128.1,55.74
35.75,128.15,52.09
35.75,128.2,51.9
35.75,128.25,48.38
35.75,128.3,46.86
35.75,128.35,46.67
35.75,128.4,43.79
35.75,128.45,45.22
35.75,128.5,45.42
35.75,128.55,48.84
35.75,128.6,48.72
35.75,128.65,46.39
35.75,128.7,46.55
35.75,128.75,44.44
35.75,128.8,46.33
35.75,128.85,44.86
35.75,128.9,45.99
35.75,128.95,48.88
35.75,129.0,50.15
35.75,129.05,50.08
35.75,129.1,51.28
35.75,129.15,47.85
35.75,129.2,46.02
35.75,129.25,49.3
35.75,129.3,47.35
35.75,129.35,49.64
35.75,129.4,53.13
35.75,129.45,49.39
35.75,129.5,50.92
35.8,126.7,41.01
35.8,126.75,39.66
35.8,126.8,40.44
35.8,126.85,41.1
35.8,126.9,41.02
35.8,126.95,39.8
35.8,127.0,39.91
35.8,127.05,42.23
35.8,127.1,43.54
35.8,127.15,45.37
35.8,127.2,47.34
35.8,127.25,49.63
35.8,127.3,52.05
35.8,127.35,53.0
35.8,127.4,53.51
35.8,127.45,50.07
35.8,127.5,49.89
35.8,127.55,50.7
35.8,127.6,52.18
35.8,127.65,52.55
35.8,127.7,55.23
35.8,127.75,55.59
35.8,127.8,53.89
35.8,127.85,53.99
35.8,127.9,51.83
35.8,127.95,51.43
35.8,128.0,53.73
35.8,128.05,54.83
35.8,128.1,58.59
35.8,128.15,57.1
35.8,128.2,49.31
35.8,128.25,46.59
35.8,128.3,46.17
35.8,128.35,45.43
35.8,128.4,43.4
35.8,128.45,42.05
35.8,128.5,42.05
35.8,128.55,42.81
35.8,128.6,45.47
35.8,128.65,43.86
35.8,128.7,43.93
35.8,128.75,41.43
35.8,128.8,40.01
35.8,128.85,40.88
35.8,128.9,44.4
35.8,128.95,50.54
35.8,129.0,51.99
35.8,129.05,52.52
35.8,129.1,50.31
35.8,129.15,46.78
35.8,129.2,45.85
35.8,129.25,46.42
35.8,129.3,47.82
35.8,129.35,52.02
35.8,129.4,52.0
35.8,129.45,50.3
35.8,129.5,53.06
35.85,126.7,39.52
35.85,126.75,39.4
35.85,126.8,39.71
35.85,126.85,39.7
35.85,126.9,40.26
35.85,126.95,38.82
35.85,127.0,39.42
35.85,127.05,39.59
35.85,127.1,41.55
35.85,127.15,43.12
35.85,127.2,43.86
35.85,127.25,45.1
35.85,127.3,49.16
35.85,127.35,54.81
35.85,127.4,53.47
35.85,127.45,49.96
35.85,127.5,49.95
35.85,127.55,50.93
35.85,127.6,51.52
35.85,127.65,51.53
35.85,127.7,52.2
35.85,127.75,56.1
35.85,127.8,55.29
35.85,127.85,53.7
35.85,127.9,51.35
35.85,127.95,51.93
35.85,128.0,55.06
35.85,128.05,53.92
35.85,128.1,54.14
35.85,128.15,50.44
35.85,128.2,46.41
35.85,128.25,48.9
35.85,128.3,46.11
35.85,128.35,42.52
35.85,128.4,40.8
35.85,128.45,41.59
35.85,128.5,41.24
35.85,128.55,41.57
35.85,128.6,42.41
35.85,128.65,41.84
35.85,128.7,40.28
35.85,128.75,40.52
35.85,128.8,40.9
35.85,128.85,41.27
35.85,128.9,43.38
35.85,128.95,44.43
35.85,129.0,46.29
35.85,129.05,48.5
35.85,129.1,45.18
35.85,129.15,46.97
35.85,129.2,42.88
35.85,129.25,44.12
35.85,129.3,45.85
35.85,129.35,52.66
35.85,129.4,51.77
35.85,129.45,52.99
35.85,129.5,52.78
35.85,129.55,49.98
35.9,126.65,41.15
35.9,126.7,40.44
35.9,126.75,40.6
35.9,126.8,39.58
35.9,126.85,39.8
35.9,126.9,39.6
35.9,126.95,41.04
35.9,127.0,43.15
35.9,127.05,42.7
35.9,127.1,42.27
35.9,127.15,42.59
35.9,127.2,45.52
35.9,127.25,51.72
35.9,127.3,50.87
35.9,127.35,58.75
35.9,127.4,63.43
35.9,127.45,52.24
35.9,127.5,49.92
35.9,127.55,49.94
35.9,127.6,50.36
35.9,127.65,50.83
35.9,127.7,50.92
35.9,127.75,51.69
35.9,127.8,53.24
35.9,127.85,52.7
35.9,127.9,53.0
35.9,127.95,50.93
35.9,128.0,51.8
35.9,128.05,50.86
35.9,128.1,52.08
35.9,128.15,48.8
35.9,128.2,45.75
35.9,128.25,45.23
35.9,128.3,44.48
35.9,128.35,42.78
35.9,128.4,40.83
35.9,128.45,41.35
35.9,128.5,41.77
35.9,128.55,41.43
35.9,128.6,41.28
35.9,128.65,40.55
35.9,128.7,41.61
35.9,128.75,44.74
35.9,128.8,42.56
35.9,128.85,41.07
35.9,128.9,40.98
35.9,128.95,41.96
35.9,129.0,42.42
35.9,129.05,42.52
35.9,129.1,43.27
35.9,129.15,44.28
35.9,129.2,43.15
35.9,129.25,42.84
35.9,129.3,45.64
35.9,129.35,50.9
35.9,129.4,47.56
35.9,129.45,51.37
35.9,129.5,51.15
35.9,129.55,50.19
35.95,126.55,42.2
35.95,126.6,43.23
35.95,126.65,42.14
35.95,126.7,42.81
35.95,126.75,42.9
35.95,126.8,42.46
35.95,126.85,41.48
35.95,126.9,40.95
35.95,126.95,43.12
35.95,127.0,44.36
35.95,127.05,44.06
35.95,127.1,43.23
35.95,127.15,45.98
35.95,127.2,46.71
35.95,127.25,50.37
35.95,127.3,49.77
35.95,127.35,56.41
35.95,127.4,60.35
35.95,127.45,53.2
35.95,127.5,50.86
35.95,127.55,48.91
35.95,127.6,49.32
35.95,127.65,47.68
35.95,127.7,49.53
35.95,127.75,52.18
35.95,127.8,51.67
35.95,127.85,49.69
35.95,127.9,51.02
35.95,127.95,48.67
35.95,128.0,47.16
35.95,128.05,49.05
35.95,128.1,49.69
35.95,128.15,51.05
35.95,128.2,46.56
35.95,128.25,44.72
35.95,128.3,43.72
35.95,128.35,43.41
35.95,128.4,41.41
35.95,128.45,42.0
35.95,128.5,43.05
35.95,128.55,43.15
35.95,128.6,42.49
35.95,128.65,42.81
35.95,128.7,43.63
35.95,128.75,46.93
35.95,128.8,44.52
35.95,128.85,41.62
35.95,128.9,41.52
35.95,128.95,40.76
35.95,129.0,40.31
35.95,129.05,41.87
35.95,129.1,42.21
35.95,129.15,41.65
35.95,129.2,43.81
35.95,129.25,42.93
35.95,129.3,43.56
35.95,129.35,45.3
35.95,129.4,43.9
35.95,129.45,45.22
35.95,129.5,47.54
35.95,129.55,47.82
36.0,126.7,45.14
36.0,126.75,45.09
36.0,126.8,43.87
36.0,126.85,43.45
36.0,126.9,43.29
36.0,126.95,44.93
36.0,127.0,45.18
36.0,127.05,46.54
36.0,127.1,46.41
36.0,127.15,48.59
36.0,127.2,48.31
36.0,127.25,48.03
36.0,127.3,51.06
36.0,127.35,54.96
36.0,127.4,58.57
36.0,127.45,53.76
36.0,127.5,49.21
36.0,127.55,49.07
36.0,127.6,46.41
36.0,127.65,43.44
36.0,127.7,45.0
36.0,127.75,49.34
36.0,127.8,49.07
36.0,127.85,51.12
36.0,127.9,52.01
36.0,127.95,48.23
36.0,128.0,44.58
36.0,128.05,43.96
36.0,128.1,46.05
36.0,128.15,46.36
36.0,128.2,48.49
36.0,128.25,46.53
36.0,128.3,46.03
36.0,128.35,44.67
36.0,128.4,42.07
36.0,128.45,42.89
36.0,128.5,45.43
36.0,128.55,45.24
36.0,128.6,45.6
36.0,128.65,46.4
36.0,128.7,48.54
36.0,128.75,48.89
36.0,128.8,44.99
36.0,128.85,42.45
36.0,128.9,41.19
36.0,128.95,40.69
36.0,129.0,40.61
36.0,129.05,41.12
36.0,129.1,42.25
36.0,129.15,43.49
36.0,129.2,41.74
36.0,129.25,40.46
36.0,129.3,43.88
36.0,129.35,42.97
36.0,129.4,42.71
36.0,129.45,43.58
36.0,129.5,46.63
36.0,129.55,45.82
36.0,129.6,43.92
36.05,126.65,44.75
36.05,126.7,44.66
36.05,126.75,44.78
36.05,126.8,43.91
36.05,126.85,43.56
36.05,126.9,45.5
36.05,126.95,46.25
36.05,127.0,45.37
36.05,127.05,44.22
36.05,127.1,44.62
36.05,127.15,48.63
36.05,127.2,46.9
36.05,127.25,47.28
36.05,127.3,48.92
36.05,127.35,51.56
36.05,127.4,53.53
36.05,127.45,53.02
36.05,127.5,48.99
36.05,127.55,46.74
36.05,127.6,46.31
36.05,127.65,46.64
36.05,127.7,47.2
36.05,127.75,48.68
36.05,127.8,50.62
36.05,127.85,52.38
36.05,127.9,51.48
36.05,127.95,51.23
36.05,128.0,48.28
36.05,128.05,46.36
36.05,128.1,42.49
36.05,128.15,42.79
36.05,128.2,45.86
36.05,128.25,47.84
36.05,128.3,47.63
36.05,128.35,42.52
36.05,128.4,41.88
36.05,128.45,44.2
36.05,128.5,47.84
36.05,128.55,47.19
36.05,128.6,47.18
36.05,128.65,45.51
36.05,128.7,44.72
36.05,128.75,43.44
36.05,128.8,44.7
36.05,128.85,42.98
36.05,128.9,39.23
36.05,128.95,38.39
36.05,129.0,39.16
36.05,129.05,40.01
36.05,129.1,42.95
36.05,129.15,46.45
36.05,129.2,43.93
36.05,129.25,41.38
36.05,129.3,46.41
36.05,129.35,44.21
36.05,129.4,43.34
36.05,129.55,43.27
36.05,129.6,42.29
36.1,126.6,41.96
36.1,126.65,43.66
36.1,126.7,44.62
36.1,126.75,44.91
36.1,126.8,44.45
36.1,126.85,44.02
36.1,126.9,43.99
36.1,126.95,43.28
36.1,127.0,44.07
36.1,127.05,43.62
36.1,127.1,44.66
36.1,127.15,45.71
36.1,127.2,46.87
36.1,127.25,47.36
36.1,127.3,46.06
36.1,127.35,48.4
36.1,127.4,53.26
36.1,127.45,49.76
36.1,127.5,46.76
36.1,127.55,45.31
36.1,127.6,46.49
36.1,127.65,46.45
36.1,127.7,45.06
36.1,127.75,45.28
36.1,127.8,48.03
36.1,127.85,50.55
36.1,127.9,49.03
36.1,127.95,51.95
36.1,128.0,50.68
36.1,128.05,46.99
36.1,128.1,44.05
36.1,128.15,42.38
36.1,128.2,41.93
36.1,128.25,45.06
36.1,128.3,48.43
36.1,128.35,43.07
36.1,128.4,41.2
36.1,128.45,42.44
36.1,128.5,43.46
36.1,128.55,44.6
36.1,128.6,44.88
36.1,128.65,41.75
36.1,128.7,40.38
36.1,128.75,40.45
36.1,128.8,42.33
36.1,128.85,41.98
36.1,128.9,38.67
36.1,128.95,38.82
36.1,129.0,43.93
36.1,129.05,43.84
36.1,129.1,44.12
36.1,129.15,42.25
36.1,129.2,44.29
36.1,129.25,43.16
36.1,129.3,45.02
36.1,129.35,43.63
36.1,129.4,43.93
36.15,126.55,40.94
36.15,126.6,42.0
36.15,126.65,46.32
36.15,126.7,45.79
36.15,126.75,47.11
36.15,126.8,46.38
36.15,126.85,45.89
36.15,126.9,43.02
36.15,126.95,43.05
36.15,127.0,42.9
36.15,127.05,43.7
36.15,127.1,43.89
36.15,127.15,44.35
36.15,127.2,45.95
36.15,127.25,45.95
36.15,127.3,46.32
36.15,127.35,46.7
36.15,127.4,45.56
36.15,127.45,47.1
36.15,127.5,48.99
36.15,127.55,50.16
36.15,127.6,53.46
36.15,127.65,48.52
36.15,127.7,45.24
36.15,127.75,44.89
36.15,127.8,44.4
36.15,127.85,47.73
36.15,127.9,49.78
36.15,127.95,48.76
36.15,128.0,46.82
36.15,128.05,43.73
36.15,128.1,44.91
36.15,128.15,41.39
36.15,128.2,41.2
36.15,128.25,42.59
36.15,128.3,43.87
36.15,128.35,43.08
36.15,128.4,41.05
36.15,128.45,40.91
36.15,128.5,42.63
36.15,128.55,43.16
36.15,128.6,42.23
36.15,128.65,41.16
36.15,128.7,39.57
36.15,128.75,39.78
36.15,128.8,39.79
36.15,128.85,40.55
36.15,128.9,41.71
36.15,128.95,42.92
36.15,129.0,47.94
36.15,129.05,48.12
36.15,129.1,46.68
36.15,129.15,47.01
36.15,129.2,45.07
36.15,129.25,45.87
36.15,129.3,45.54
36.15,129.35,45.01
36.15,129.4,45.1
36.2,126.55,40.66
36.2,126.6,43.25
36.2,126.65,45.81
36.2,126.7,48.4
36.2,126.75,47.64
36.2,126.8,46.52
36.2,126.85,44.25
36.2,126.9,44.8
36.2,126.95,43.03
36.2,127.0,42.66
36.2,127.05,42.33
36.2,127.1,42.52
36.2,127.15,43.3
36.2,127.2,44.27
36.2,127.25,44.52
36.2,127.3,43.79
36.2,127.35,44.19
36.2,127.4,43.64
36.2,127.45,44.46
36.2,127.5,46.37
36.2,127.55,51.95
36.2,127.6,51.6
36.2,127.65,45.8
36.2,127.7,45.17
36.2,127.75,44.09
36.2,127.8,44.92
36.2,127.85,46.5
36.2,127.9,46.17
36.2,127.95,45.66
36.2,128.0,45.26
36.2,128.05,47.4
36.2,128.1,43.98
36.2,128.15,42.22
36.2,128.2,41.45
36.2,128.25,40.88
36.2,128.3,39.66
36.2,128.35,39.67
36.2,128.4,40.22
36.2,128.45,41.59
36.2,128.5,41.98
36.2,128.55,42.04
36.2,128.6,40.98
36.2,128.65,40.41
36.2,128.7,39.35
36.2,128.75,39.77
36.2,128.8,40.55
36.2,128.85,41.57
36.2,128.9,42.75
36.2,128.95,43.39
36.2,129.0,46.36
36.2,129.05,44.93
36.2,129.1,43.63
36.2,129.15,45.34
36.2,129.2,47.26
36.2,129.25,49.19
36.2,129.3,49.51
36.2,129.35,44.72
36.2,129.4,42.21
36.25,126.55,42.52
36.25,126.6,44.54
36.25,126.65,46.68
36.25,126.7,50.25
36.25,126.75,50.47
36.25,126.8,46.98
36.25,126.85,45.35
36.25,126.9,46.23
36.25,126.95,46.54
36.25,127.0,43.64
36.25,127.05,42.1
36.25,127.1,43.06
36.25,127.15,43.31
36.25,127.2,44.01
36.25,127.25,44.54
36.25,127.3,43.73
36.25,127.35,43.89
36.25,127.4,44.26
36.25,127.45,43.72
36.25,127.5,43.14
36.25,127.55,46.38
36.25,127.6,45.15
36.25,127.65,42.41
36.25,127.7,43.71
36.25,127.75,44.89
36.25,127.8,44.82
36.25,127.85,43.93
36.25,127.9,47.27
36.25,127.95,48.02
36.25,128.0,49.13
36.25,128.05,49.27
36.25,128.1,42.12
36.25,128.15,44.83
36.25,128.2,42.12
36.25,128.25,40.47
36.25,128.3,42.88
36.25,128.35,39.4
36.25,128.4,44.68
36.25,128.45,44.32
36.25,128.5,40.93
36.25,128.55,40.26
36.25,128.6,41.08
36.25,128.65,40.29
36.25,128.7,39.86
36.25,128.75,40.91
36.25,128.8,40.34
36.25,128.85,40.24
36.25,128.9,41.41
36.25,128.95,40.86
36.25,129.0,41.32
36.25,129.05,41.76
36.25,129.1,42.91
36.25,129.15,44.7
36.25,129.2,45.65
36.25,129.25,47.52
36.25,129.3,51.57
36.25,129.35,44.53
36.25,129.4,43.34
36.3,126.55,42.18
36.3,126.6,44.46
36.3,126.65,50.49
36.3,126.7,52.91
36.3,126.75,49.84
36.3,126.8,49.55
36.3,126.85,46.42
36.3,126.9,46.49
36.3,126.95,45.54
36.3,127.0,43.45
36.3,127.05,42.63
36.3,127.1,43.28
36.3,127.15,42.29
36.3,127.2,42.22
36.3,127.25,45.41
36.3,127.3,44.24
36.3,127.35,44.06
36.3,127.4,46.7
36.3,127.45,45.15
36.3,127.5,43.6
36.3,127.55,43.07
36.3,127.6,44.37
36.3,127.65,44.0
36.3,127.7,43.43
36.3,127.75,43.86
36.3,127.8,44.22
36.3,127.85,45.51
36.3,127.9,49.57
36.3,127.95,48.65
36.3,128.0,46.77
36.3,128.05,47.9
36.3,128.1,40.2
36.3,128.15,43.89
36.3,128.2,47.94
36.3,128.25,45.76
36.3,128.3,38.49
36.3,128.35,38.74
36.3,128.4,45.12
36.3,128.45,42.47
36.3,128.5,39.73
36.3,128.55,39.37
36.3,128.6,39.49
36.3,128.65,39.9
36.3,128.7,40.09
36.3,128.75,40.04
36.3,128.8,39.78
36.3,128.85,41.09
36.3,128.9,42.57
36.3,128.95,41.51
36.3,129.0,40.06
36.3,129.05,41.57
36.3,129.1,42.52
36.3,129.15,43.43
36.3,129.2,43.89
36.3,129.25,44.25
36.3,129.3,47.84
36.3,129.35,42.74
36.3,129.4,41.7
36.35,126.45,39.27
36.35,126.55,42.65
36.35,126.6,43.76
36.35,126.65,48.79
36.35,126.7,54.72
36.35,126.75,53.07
36.35,126.8,50.47
36.35,126.85,49.46
36.35,126.9,47.75
36.35,126.95,45.58
36.35,127.0,44.37
36.35,127.05,43.76
36.35,127.1,42.93
36.35,127.15,42.1
36.35,127.2,40.59
36.35,127.25,41.65
36.35,127.3,42.44
36.35,127.35,44.59
36.35,127.4,45.05
36.35,127.45,43.71
36.35,127.5,43.18
36.35,127.55,43.38
36.35,127.6,42.28
36.35,127.65,41.94
36.35,127.7,42.8
36.35,127.75,45.96
36.35,127.8,47.31
36.35,127.85,46.74
36.35,127.9,50.18
36.35,127.95,48.16
36.35,128.0,46.84
36.35,128.05,47.26
36.35,128.1,42.17
36.35,128.15,41.32
36.35,128.2,48.36
36.35,128.25,40.93
36.35,128.3,38.27
36.35,128.35,39.79
36.35,128.4,37.75
36.35,128.45,36.86
36.35,128.5,37.99
36.35,128.55,39.47
36.35,128.6,39.01
36.35,128.65,40.45
36.35,128.7,41.6
36.35,128.75,41.04
36.35,128.8,40.54
36.35,128.85,41.92
36.35,128.9,43.95
36.35,128.95,41.66
36.35,129.0,42.54
36.35,129.05,42.37
36.35,129.1,40.85
36.35,129.15,42.5
36.35,129.2,45.61
36.35,129.25,43.6
36.35,129.3,42.86
36.35,129.35,42.09
36.35,129.4,40.65
36.4,126.4,39.64
36.4,126.5,41.2
36.4,126.55,42.99
36.4,126.6,44.7
36.4,126.65,45.78
36.4,126.7,49.32
36.4,126.75,51.47
36.4,126.8,48.91
36.4,126.85,50.1
36.4,126.9,49.23
36.4,126.95,44.86
36.4,127.0,44.0
36.4,127.05,43.32
36.4,127.1,42.87
36.4,127.15,43.58
36.4,127.2,42.6
36.4,127.25,40.27
36.4,127.3,41.14
36.4,127.35,42.92
36.4,127.4,42.86
36.4,127.45,43.27
36.4,127.5,41.25
36.4,127.55,41.07
36.4,127.6,42.22
36.4,127.65,43.22
36.4,127.7,44.34
36.4,127.75,42.39
36.4,127.8,45.0
36.4,127.85,44.87
36.4,127.9,50.58
36.4,127.95,51.09
36.4,128.0,48.46
36.4,128.05,45.35
36.4,128.1,46.55
36.4,128.15,42.83
36.4,128.2,42.23
36.4,128.25,39.81
36.4,128.3,38.32
36.4,128.35,37.4
36.4,128.4,36.97
36.4,128.45,38.4
36.4,128.5,41.35
36.4,128.55,42.03
36.4,128.6,41.13
36.4,128.65,39.83
36.4,128.7,39.5
36.4,128.75,39.87
36.4,128.8,39.92
36.4,128.85,41.03
36.4,128.9,41.64
36.4,128.95,41.76
36.4,129.0,43.61
36.4,129.05,39.2
36.4,129.1,39.66
36.4,129.15,44.53
36.4,129.2,49.42
36.4,129.25,42.04
36.4,129.3,40.92
36.4,129.35,43.41
36.4,129.4,42.24
36.4,129.45,43.26
36.45,126.35,41.12
36.45,126.4,40.55
36.45,126.5,41.33
36.45,126.55,41.61
36.45,126.6,42.07
36.45,126.65,48.33
36.45,126.7,49.25
36.45,126.75,49.26
36.45,126.8,48.88
36.45,126.85,49.84
36.45,126.9,50.82
36.45,126.95,45.4
36.45,127.0,45.21
36.45,127.05,44.38
36.45,127.1,43.54
36.45,127.15,43.09
36.45,127.2,43.78
36.45,127.25,42.61
36.45,127.3,42.53
36.45,127.35,41.58
36.45,127.4,41.71
36.45,127.45,42.57
36.45,127.5,43.98
36.45,127.55,43.26
36.45,127.6,41.98
36.45,127.65,44.56
36.45,127.7,43.56
36.45,127.75,43.22
36.45,127.8,42.84
36.45,127.85,45.77
36.45,127.9,51.08
36.45,127.95,52.73
36.45,128.0,50.08
36.45,128.05,45.89
36.45,128.1,46.8
36.45,128.15,43.53
36.45,128.2,38.99
36.45,128.25,38.11
36.45,128.3,42.26
36.45,128.35,39.47
36.45,128.4,39.7
36.45,128.45,42.64
36.45,128.5,42.55
36.45,128.55,42.33
36.45,128.6,42.25
36.45,128.65,40.35
36.45,128.7,39.09
36.45,128.75,40.8
36.45,128.8,41.86
36.45,128.85,40.59
36.45,128.9,39.46
36.45,128.95,40.53
36.45,129.0,41.14
36.45,129.05,38.93
36.45,129.1,40.24
36.45,129.15,46.13
36.45,129.2,43.07
36.45,129.25,41.44
36.45,129.3,41.97
36.45,129.35,44.3
36.45,129.4,43.68
36.45,129.45,42.71
36.5,126.35,41.11
36.5,126.4,41.86
36.5,126.5,43.11
36.5,126.55,42.56
36.5,126.6,43.58
36.5,126.65,43.84
36.5,126.7,44.97
36.5,126.75,48.34
36.5,126.8,47.11
36.5,126.85,49.82
36.5,126.9,53.89
36.5,126.95,48.7
36.5,127.0,46.82
36.5,127.05,45.36
36.5,127.1,45.08
36.5,127.15,43.97
36.5,127.2,44.9
36.5,127.25,44.87
36.5,127.3,43.73
36.5,127.35,42.87
36.5,127.4,42.75
36.5,127.45,43.1
36.5,127.5,43.45
36.5,127.55,43.11
36.5,127.6,43.44
36.5,127.65,45.8
36.5,127.7,44.46
36.5,127.75,44.15
36.5,127.8,46.61
36.5,127.85,46.56
36.5,127.9,49.76
36.5,127.95,52.51
36.5,128.0,52.45
36.5,128.05,51.03
36.5,128.1,44.7
36.5,128.15,43.08
36.5,128.2,41.77
36.5,128.25,42.25
36.5,128.3,41.01
36.5,128.35,41.59
36.5,128.4,39.84
36.5,128.45,39.53
36.5,128.5,41.68
36.5,128.55,41.88
36.5,128.6,41.16
36.5,128.65,39.87
36.5,128.7,38.95
36.5,128.75,39.63
36.5,128.8,38.7
36.5,128.85,37.65
36.5,128.9,38.04
36.5,128.95,40.51
36.5,129.0,39.45
36.5,129.05,38.81
36.5,129.1,40.14
36.5,129.15,40.95
36.5,129.2,42.72
36.5,129.25,46.47
36.5,129.3,44.39
36.5,129.35,42.81
36.5,129.4,40.21
36.5,129.45,40.7
36.55,126.35,40.19
36.55,126.4,41.68
36.55,126.5,44.08
36.55,126.55,43.9
36.55,126.6,44.47
36.55,126.65,45.92
36.55,126.7,45.74
36.55,126.75,47.89
36.55,126.8,46.75
36.55,126.85,48.19
36.55,126.9,51.61
36.55,126.95,52.64
36.55,127.0,50.63
36.55,127.05,47.37
36.55,127.1,46.78
36.55,127.15,45.63
36.55,127.2,45.59
36.55,127.25,45.31
36.55,127.3,45.58
36.55,127.35,44.52
36.55,127.4,45.04
36.55,127.45,45.23
36.55,127.5,44.02
36.55,127.55,44.17
36.55,127.6,45.46
36.55,127.65,46.4
36.55,127.7,46.03
36.55,127.75,46.08
36.55,127.8,47.27
36.55,127.85,50.31
36.55,127.9,51.93
36.55,127.95,50.09
36.55,128.0,49.25
36.55,128.05,48.06
36.55,128.1,44.84
36.55,128.15,43.53
36.55,128.2,41.34
36.55,128.25,41.27
36.55,128.3,41.51
36.55,128.35,41.74
36.55,128.4,41.64
36.55,128.45,40.03
36.55,128.5,40.15
36.55,128.55,40.54
36.55,128.6,39.53
36.55,128.65,39.22
36.55,128.7,38.94
36.55,128.75,39.29
36.55,128.8,38.97
36.55,128.85,38.28
36.55,128.9,38.38
36.55,128.95,39.33
36.55,129.0,39.43
36.55,129.05,39.47
36.55,129.1,39.71
36.55,129.15,40.56
36.55,129.2,43.61
36.55,129.25,47.16
36.55,129.3,45.04
36.55,129.35,43.03
36.55,129.4,40.45
36.55,129.45,39.48
36.6,126.3,38.7
36.6,126.35,40.15
36.6,126.4,40.55
36.6,126.45,42.54
36.6,126.5,43.08
36.6,126.55,44.01
36.6,126.6,45.27
36.6,126.65,47.28
36.6,126.7,46.29
36.6,126.75,46.45
36.6,126.8,47.38
36.6,126.85,47.07
36.6,126.9,46.32
36.6,126.95,51.53
36.6,127.0,52.91
36.6,127.05,52.52
36.6,127.1,48.01
36.6,127.15,47.83
36.6,127.2,46.86
36.6,127.25,45.25
36.6,127.3,43.81
36.6,127.35,43.39
36.6,127.4,45.15
36.6,127.45,45.62
36.6,127.5,45.34
36.6,127.55,47.83
36.6,127.6,47.39
36.6,127.65,47.51
36.6,127.7,46.43
36.6,127.75,46.06
36.6,127.8,48.19
36.6,127.85,49.57
36.6,127.9,49.99
36.6,127.95,53.28
36.6,128.0,50.57
36.6,128.05,48.23
36.6,128.1,50.72
36.6,128.15,46.73
36.6,128.2,42.55
36.6,128.25,42.01
36.6,128.3,40.42
36.6,128.35,39.98
36.6,128.4,39.27
36.6,128.45,39.01
36.6,128.5,40.45
36.6,128.55,40.89
36.6,128.6,41.18
36.6,128.65,40.94
36.6,128.7,39.75
36.6,128.75,40.55
36.6,128.8,40.98
36.6,128.85,38.49
36.6,128.9,37.0
36.6,128.95,38.72
36.6,129.0,41.08
36.6,129.05,40.39
36.6,129.1,39.96
36.6,129.15,42.2
36.6,129.2,44.66
36.6,129.25,47.01
36.6,129.3,45.0
36.6,129.35,47.44
36.6,129.4,43.87
36.65,126.2,38.65
36.65,126.3,38.62
36.65,126.35,38.85
36.65,126.4,40.62
36.65,126.45,40.79
36.65,126.5,42.31
36.65,126.55,43.75
36.65,126.6,46.36
36.65,126.65,46.64
36.65,126.7,45.25
36.65,126.75,44.4
36.65,126.8,45.12
36.65,126.85,46.4
36.65,126.9,46.41
36.65,126.95,49.6
36.65,127.0,51.76
36.65,127.05,52.61
36.65,127.1,49.6
36.65,127.15,48.69
36.65,127.2,47.88
36.65,127.25,46.67
36.65,127.3,45.36
36.65,127.35,43.56
36.65,127.4,43.93
36.65,127.45,45.06
36.65,127.5,45.75
36.65,127.55,50.27
36.65,127.6,48.57
36.65,127.65,47.51
36.65,127.7,46.97
36.65,127.75,45.69
36.65,127.8,45.86
36.65,127.85,49.47
36.65,127.9,48.88
36.65,127.95,53.24
36.65,128.0,49.96
36.65,128.05,48.64
36.65,128.1,47.07
36.65,128.15,46.71
36.65,128.2,45.24
36.65,128.25,44.54
36.65,128.3,43.92
36.65,128.35,44.01
36.65,128.4,41.27
36.65,128.45,41.86
36.65,128.5,41.05
36.65,128.55,42.26
36.65,128.6,46.4
36.65,128.65,46.43
36.65,128.7,42.67
36.65,128.75,41.59
36.65,128.8,39.86
36.65,128.85,38.06
36.65,128.9,39.6
36.65,128.95,41.18
36.65,129.0,43.31
36.65,129.05,43.09
36.65,129.1,42.58
36.65,129.15,41.66
36.65,129.2,45.75
36.65,129.25,49.95
36.65,129.3,50.26
36.65,129.35,51.93
36.65,129.4,47.47
36.65,129.45,43.5
36.7,126.15,38.21
36.7,126.2,38.64
36.7,126.25,38.29
36.7,126.3,40.13
36.7,126.35,40.61
36.7,126.4,42.05
36.7,126.45,43.09
36.7,126.5,44.22
36.7,126.55,44.86
36.7,126.6,48.81
36.7,126.65,45.37
36.7,126.7,42.1
36.7,126.75,42.65
36.7,126.8,43.54
36.7,126.85,43.31
36.7,126.9,47.6
36.7,126.95,46.55
36.7,127.0,47.16
36.7,127.05,51.54
36.7,127.1,47.42
36.7,127.15,44.82
36.7,127.2,47.91
36.7,127.25,46.94
36.7,127.3,46.29
36.7,127.35,44.66
36.7,127.4,45.36
36.7,127.45,45.65
36.7,127.5,44.89
36.7,127.55,44.73
36.7,127.6,45.95
36.7,127.65,47.72
36.7,127.7,47.27
36.7,127.75,46.81
36.7,127.8,45.61
36.7,127.85,48.57
36.7,127.9,52.56
36.7,127.95,53.65
36.7,128.0,52.14
36.7,128.05,51.95
36.7,128.1,49.03
36.7,128.15,45.35
36.7,128.2,49.43
36.7,128.25,45.75
36.7,128.3,46.79
36.7,128.35,48.05
36.7,128.4,46.75
36.7,128.45,43.74
36.7,128.5,42.76
36.7,128.55,40.92
36.7,128.6,39.98
36.7,128.65,41.44
36.7,128.7,43.94
36.7,128.75,43.54
36.7,128.8,40.99
36.7,128.85,38.64
36.7,128.9,42.14
36.7,128.95,42.06
36.7,129.0,45.75
36.7,129.05,44.54
36.7,129.1,44.71
36.7,129.15,43.79
36.7,129.2,47.03
36.7,129.25,51.21
36.7,129.3,55.82
36.7,129.35,51.85
36.7,129.4,47.24
36.7,129.45,42.43
36.7,129.5,41.87
36.75,126.15,39.16
36.75,126.2,38.37
36.75,126.25,39.44
36.75,126.3,42.06
36.75,126.35,40.78
36.75,126.4,41.46
36.75,126.45,44.96
36.75,126.5,49.72
36.75,126.55,47.22
36.75,126.6,46.71
36.75,126.65,45.36
36.75,126.7,41.75
36.75,126.75,42.48
36.75,126.8,43.21
36.75,126.85,43.04
36.75,126.9,42.28
36.75,126.95,43.22
36.75,127.0,43.92
36.75,127.05,45.03
36.75,127.1,44.92
36.75,127.15,46.34
36.75,127.2,46.92
36.75,127.25,45.27
36.75,127.3,45.61
36.75,127.35,46.42
36.75,127.4,45.93
36.75,127.45,45.43
36.75,127.5,44.85
36.75,127.55,44.46
36.75,127.6,45.29
36.75,127.65,45.23
36.75,127.7,48.06
36.75,127.75,47.22
36.75,127.8,45.81
36.75,127.85,45.22
36.75,127.9,48.5
36.75,127.95,49.0
36.75,128.0,45.79
36.75,128.05,49.45
36.75,128.1,48.9
36.75,128.15,46.45
36.75,128.2,49.86
36.75,128.25,48.54
36.75,128.3,49.09
36.75,128.35,48.94
36.75,128.4,50.7
36.75,128.45,45.04
36.75,128.5,46.47
36.75,128.55,43.44
36.75,128.6,40.52
36.75,128.65,41.28
36.75,128.7,42.02
36.75,128.75,43.66
36.75,128.8,44.33
36.75,128.85,42.56
36.75,128.9,42.83
36.75,128.95,46.32
36.75,129.0,46.51
36.75,129.05,45.29
36.75,129.1,46.75
36.75,129.15,47.4
36.75,129.2,46.79
36.75,129.25,50.14
36.75,129.3,53.83
36.75,129.35,51.86
36.75,129.4,49.77
36.75,129.45,45.2
36.8,126.15,40.12
36.8,126.2,38.99
36.8,126.25,39.31
36.8,126.3,39.9
36.8,126.35,40.67
36.8,126.4,40.58
36.8,126.45,43.72
36.8,126.5,48.13
36.8,126.55,47.15
36.8,126.6,45.47
36.8,126.65,44.5
36.8,126.7,42.9
36.8,126.75,42.92
36.8,126.8,42.39
36.8,126.85,43.51
36.8,126.9,43.36
36.8,126.95,43.34
36.8,127.0,43.06
36.8,127.05,45.25
36.8,127.1,45.48
36.8,127.15,46.41
36.8,127.2,49.19
36.8,127.25,47.66
36.8,127.3,48.05
36.8,127.35,47.81
36.8,127.4,47.4
36.8,127.45,46.15
36.8,127.5,44.37
36.8,127.55,46.88
36.8,127.6,46.14
36.8,127.65,44.63
36.8,127.7,47.53
36.8,127.75,46.09
36.8,127.8,44.56
36.8,127.85,43.28
36.8,127.9,45.01
36.8,127.95,46.61
36.8,128.0,46.39
36.8,128.05,49.25
36.8,128.1,49.65
36.8,128.15,47.97
36.8,128.2,50.45
36.8,128.25,52.05
36.8,128.3,52.45
36.8,128.35,54.61
36.8,128.4,54.81
36.8,128.45,51.88
36.8,128.5,51.18
36.8,128.55,45.86
36.8,128.6,41.87
36.8,128.65,40.51
36.8,128.7,40.98
36.8,128.75,41.74
36.8,128.8,44.24
36.8,128.85,47.59
36.8,128.9,44.92
36.8,128.95,46.27
36.8,129.0,44.63
36.8,129.05,47.53
36.8,129.1,53.5
36.8,129.15,49.74
36.8,129.2,50.68
36.8,129.25,50.89
36.8,129.3,52.54
36.8,129.35,51.0
36.8,129.4,49.02
36.8,129.45,44.42
36.85,126.2,37.56
36.85,126.25,41.38
36.85,126.3,43.53
36.85,126.35,41.77
36.85,126.4,41.39
36.85,126.45,41.33
36.85,126.5,45.01
36.85,126.55,46.24
36.85,126.6,44.8
36.85,126.65,47.55
36.85,126.7,44.8
36.85,126.75,41.85
36.85,126.8,41.74
36.85,126.85,43.69
36.85,126.9,43.92
36.85,126.95,43.92
36.85,127.0,46.49
36.85,127.05,46.05
36.85,127.1,45.5
36.85,127.15,45.27
36.85,127.2,47.36
36.85,127.25,49.73
36.85,127.3,48.87
36.85,127.35,49.83
36.85,127.4,47.4
36.85,127.45,45.54
36.85,127.5,43.7
36.85,127.55,44.26
36.85,127.6,45.7
36.85,127.65,46.09
36.85,127.7,47.19
36.85,127.75,47.27
36.85,127.8,45.64
36.85,127.85,43.39
36.85,127.9,43.71
36.85,127.95,43.19
36.85,128.0,43.95
36.85,128.05,48.24
36.85,128.1,48.34
36.85,128.15,48.93
36.85,128.2,50.04
36.85,128.25,49.68
36.85,128.3,48.95
36.85,128.35,49.15
36.85,128.4,50.49
36.85,128.45,57.3
36.85,128.5,49.91
36.85,128.55,46.14
36.85,128.6,43.23
36.85,128.65,41.71
36.85,128.7,40.39
36.85,128.75,41.06
36.85,128.8,43.31
36.85,128.85,44.9
36.85,128.9,42.88
36.85,128.95,44.33
36.85,129.0,44.5
36.85,129.05,47.26
36.85,129.1,51.52
36.85,129.15,51.22
36.85,129.2,53.46
36.85,129.25,52.95
36.85,129.3,51.72
36.85,129.35,51.41
36.85,129.4,49.72
36.85,129.45,46.42
36.9,126.25,37.81
36.9,126.3,41.48
36.9,126.4,39.7
36.9,126.45,39.6
36.9,126.5,42.46
36.9,126.55,44.81
36.9,126.6,44.76
36.9,126.65,45.98
36.9,126.7,43.9
36.9,126.75,41.92
36.9,126.8,41.78
36.9,126.9,41.39
36.9,126.95,41.82
36.9,127.0,43.52
36.9,127.05,44.21
36.9,127.1,43.86
36.9,127.15,44.4
36.9,127.2,44.15
36.9,127.25,44.23
36.9,127.3,49.01
36.9,127.35,47.6
36.9,127.4,48.28
36.9,127.45,43.35
36.9,127.5,43.63
36.9,127.55,43.75
36.9,127.6,47.45
36.9,127.65,47.93
36.9,127.7,46.47
36.9,127.75,46.38
36.9,127.8,45.29
36.9,127.85,46.21
36.9,127.9,44.24
36.9,127.95,43.6
36.9,128.0,43.03
36.9,128.05,43.61
36.9,128.1,44.91
36.9,128.15,44.67
36.9,128.2,43.66
36.9,128.25,43.93
36.9,128.3,46.53
36.9,128.35,45.91
36.9,128.4,50.69
36.9,128.45,57.88
36.9,128.5,50.64
36.9,128.55,47.55
36.9,128.6,43.59
36.9,128.65,42.36
36.9,128.7,42.36
36.9,128.75,41.12
36.9,128.8,42.2
36.9,128.85,44.49
36.9,128.9,44.83
36.9,128.95,43.82
36.9,129.0,44.09
36.9,129.05,45.04
36.9,129.1,48.78
36.9,129.15,49.95
36.9,129.2,54.72
36.9,129.25,55.18
36.9,129.3,53.57
36.9,129.35,50.71
36.9,129.4,45.67
36.95,126.4,39.97
36.95,126.45,39.57
36.95,126.5,42.05
36.95,126.55,43.1
36.95,126.6,41.77
36.95,126.65,42.47
36.95,126.7,43.06
36.95,126.75,43.16
36.95,126.8,42.52
36.95,126.85,41.15
36.95,126.9,41.42
36.95,126.95,41.77
36.95,127.0,41.94
36.95,127.05,44.57
36.95,127.1,44.55
36.95,127.15,42.54
36.95,127.2,43.37
36.95,127.25,43.98
36.95,127.3,45.94
36.95,127.35,46.04
36.95,127.4,47.02
36.95,127.45,42.47
36.95,127.5,43.07
36.95,127.55,44.8
36.95,127.6,48.29
36.95,127.65,50.45
36.95,127.7,49.67
36.95,127.75,46.16
36.95,127.8,44.17
36.95,127.85,43.56
36.95,127.9,41.25
36.95,127.95,42.98
36.95,128.0,44.86
36.95,128.05,42.83
36.95,128.1,42.79
36.95,128.15,40.58
36.95,128.2,40.07
36.95,128.25,46.11
36.95,128.3,46.08
36.95,128.35,42.5
36.95,128.4,46.23
36.95,128.45,55.76
36.95,128.5,63.38
36.95,128.55,53.7
36.95,128.6,45.16
36.95,128.65,44.59
36.95,128.7,44.5
36.95,128.75,43.68
36.95,128.8,46.53
36.95,128.85,46.96
36.95,128.9,45.59
36.95,128.95,46.64
36.95,129.0,45.43
36.95,129.05,46.19
36.95,129.1,47.34
36.95,129.15,50.78
36.95,129.2,54.1
36.95,129.25,54.79
36.95,129.3,52.3
36.95,129.35,48.97
36.95,129.4,45.03
37.0,126.35,39.34
37.0,126.4,40.31
37.0,126.45,40.47
37.0,126.5,41.73
37.0,126.55,41.93
37.0,126.6,41.99
37.0,126.8,42.11
37.0,126.85,41.42
37.0,126.9,41.72
37.0,126.95,42.02
37.0,127.0,42.22
37.0,127.05,43.68
37.0,127.1,44.49
37.0,127.15,44.23
37.0,127.2,43.25
37.0,127.25,46.16
37.0,127.3,45.97
37.0,127.35,44.3
37.0,127.4,46.23
37.0,127.45,43.32
37.0,127.5,43.45
37.0,127.55,44.34
37.0,127.6,45.43
37.0,127.65,48.88
37.0,127.7,48.43
37.0,127.75,45.74
37.0,127.8,43.98
37.0,127.85,42.48
37.0,127.9,41.43
37.0,127.95,42.24
37.0,128.0,44.67
37.0,128.05,43.95
37.0,128.1,42.41
37.0,128.15,39.35
37.0,128.2,42.82
37.0,128.25,50.38
37.0,128.3,43.27
37.0,128.35,40.88
37.0,128.4,43.47
37.0,128.45,48.58
37.0,128.5,57.15
37.0,128.55,52.08
37.0,128.6,50.94
37.0,128.65,49.63
37.0,128.7,47.79
37.0,128.75,47.76
37.0,128.8,48.5
37.0,128.85,46.83
37.0,128.9,48.64
37.0,128.95,48.38
37.0,129.0,51.22
37.0,129.05,50.78
37.0,129.1,49.31
37.0,129.15,52.38
37.0,129.2,54.98
37.0,129.25,54.22
37.0,129.3,51.63
37.0,129.35,48.65
37.0,129.4,44.53
37.05,126.45,39.99
37.05,126.5,41.81
37.05,126.75,42.11
37.05,126.8,43.82
37.05,126.85,42.88
37.05,126.9,42.18
37.05,126.95,42.77
37.05,127.0,42.27
37.05,127.05,43.02
37.05,127.1,43.3
37.05,127.15,44.37
37.05,127.2,45.82
37.05,127.25,44.85
37.05,127.3,43.62
37.05,127.35,45.29
37.05,127.4,44.09
37.05,127.45,43.15
37.05,127.5,42.87
37.05,127.55,41.91
37.05,127.6,41.89
37.05,127.65,44.88
37.05,127.7,49.27
37.05,127.75,46.9
37.05,127.8,46.05
37.05,127.85,41.77
37.05,127.9,40.3
37.05,127.95,40.9
37.05,128.0,45.13
37.05,128.05,44.86
37.05,128.1,46.32
37.05,128.15,45.75
37.05,128.2,43.41
37.05,128.25,46.82
37.05,128.3,44.86
37.05,128.35,46.31
37.05,128.4,44.98
37.05,128.45,46.62
37.05,128.5,45.17
37.05,128.55,45.3
37.05,128.6,47.31
37.05,128.65,47.3
37.05,128.7,48.44
37.05,128.75,48.64
37.05,128.8,49.05
37.05,128.85,51.63
37.05,128.9,51.95
37.05,128.95,52.51
37.05,129.0,50.86
37.05,129.05,49.87
37.05,129.1,49.41
37.05,129.15,52.22
37.05,129.2,54.0
37.05,129.25,54.39
37.05,129.3,50.28
37.05,129.35,49.51
37.05,129.4,43.78
37.1,126.7,39.24
37.1,126.8,44.14
37.1,126.85,43.74
37.1,126.9,43.13
37.1,126.95,43.56
37.1,127.0,42.58
37.1,127.05,41.47
37.1,127.1,41.79
37.1,127.15,42.95
37.1,127.2,44.96
37.1,127.25,45.28
37.1,127.3,45.7
37.1,127.35,47.35
37.1,127.4,44.82
37.1,127.45,43.69
37.1,127.5,42.29
37.1,127.55,41.84
37.1,127.6,41.89
37.1,127.65,41.51
37.1,127.7,44.39
37.1,127.75,45.08
37.1,127.8,43.58
37.1,127.85,43.03
37.1,127.9,43.13
37.1,127.95,43.46
37.1,128.0,48.42
37.1,128.05,48.54
37.1,128.1,45.97
37.1,128.15,47.09
37.1,128.2,48.96
37.1,128.25,46.79
37.1,128.3,53.04
37.1,128.35,48.94
37.1,128.4,48.49
37.1,128.45,48.71
37.1,128.5,51.72
37.1,128.55,44.8
37.1,128.6,44.98
37.1,128.65,45.01
37.1,128.7,45.55
37.1,128.75,46.82
37.1,128.8,47.27
37.1,128.85,49.66
37.1,128.9,52.1
37.1,128.95,54.3
37.1,129.0,49.84
37.1,129.05,48.84
37.1,129.1,50.53
37.1,129.15,49.3
37.1,129.2,49.68
37.1,129.25,52.94
37.1,129.3,50.79
37.1,129.35,48.04
37.1,129.4,45.67
37.15,126.7,39.29
37.15,126.75,40.85
37.15,126.8,42.14
37.15,126.85,42.8
37.15,126.9,43.82
37.15,126.95,45.06
37.15,127.0,43.28
37.15,127.05,44.39
37.15,127.1,42.69
37.15,127.15,45.11
37.15,127.2,45.33
37.15,127.25,48.91
37.15,127.3,46.75
37.15,127.35,46.99
37.15,127.4,47.99
37.15,127.45,47.19
37.15,127.5,44.19
37.15,127.55,43.93
37.15,127.6,43.27
37.15,127.65,42.65
37.15,127.7,45.98
37.15,127.75,45.43
37.15,127.8,45.82
37.15,127.85,46.27
37.15,127.9,47.41
37.15,127.95,50.4
37.15,128.0,49.86
37.15,128.05,52.39
37.15,128.1,49.08
37.15,128.15,52.55
37.15,128.2,54.67
37.15,128.25,50.18
37.15,128.3,51.55
37.15,128.35,46.91
37.15,128.4,46.25
37.15,128.45,46.57
37.15,128.5,45.27
37.15,128.55,47.67
37.15,128.6,49.52
37.15,128.65,48.16
37.15,128.7,45.32
37.15,128.75,46.62
37.15,128.8,48.72
37.15,128.85,50.6
37.15,128.9,53.36
37.15,128.95,54.39
37.15,129.0,50.35
37.15,129.05,49.8
37.15,129.1,50.68
37.15,129.15,49.23
37.15,129.2,50.13
37.15,129.25,50.67
37.15,129.3,49.94
37.15,129.35,48.33
37.2,126.1,38.38
37.2,126.15,42.77
37.2,126.55,39.41
37.2,126.6,40.83
37.2,126.65,37.64
37.2,126.7,38.7
37.2,126.75,40.01
37.2,126.8,40.95
37.2,126.85,42.36
37.2,126.9,43.16
37.2,126.95,44.89
37.2,127.0,45.24
37.2,127.05,44.62
37.2,127.1,43.85
37.2,127.15,46.52
37.2,127.2,48.35
37.2,127.25,47.67
37.2,127.3,48.43
37.2,127.35,47.54
37.2,127.4,45.57
37.2,127.45,44.28
37.2,127.5,44.33
37.2,127.55,44.16
37.2,127.6,45.77
37.2,127.65,45.46
37.2,127.7,45.74
37.2,127.75,46.82
37.2,127.8,48.88
37.2,127.85,50.26
37.2,127.9,50.36
37.2,127.95,53.61
37.2,128.0,50.69
37.2,128.05,52.29
37.2,128.1,50.82
37.2,128.15,54.92
37.2,128.2,56.04
37.2,128.25,51.53
37.2,128.3,47.85
37.2,128.35,45.07
37.2,128.4,46.14
37.2,128.45,46.64
37.2,128.5,48.52
37.2,128.55,47.3
37.2,128.6,48.16
37.2,128.65,48.18
37.2,128.7,48.6
37.2,128.75,51.56
37.2,128.8,50.48
37.2,128.85,49.14
37.2,128.9,52.25
37.2,128.95,53.02
37.2,129.0,51.05
37.2,129.05,47.07
37.2,129.1,49.48
37.2,129.15,51.6
37.2,129.2,51.52
37.2,129.25,53.31
37.2,129.3,52.13
37.2,129.35,51.33
37.25,126.1,39.07
37.25,126.45,39.89
37.25,126.5,40.63
37.25,126.6,39.09
37.25,126.65,37.45
37.25,126.7,39.53
37.25,126.75,40.33
37.25,126.8,41.38
37.25,126.85,42.46
37.25,126.9,43.27
37.25,126.95,46.68
37.25,127.0,48.49
37.25,127.05,46.69
37.25,127.1,46.73
37.25,127.15,47.56
37.25,127.2,49.25
37.25,127.25,49.29
37.25,127.3,50.88
37.25,127.35,46.32
37.25,127.4,46.53
37.25,127.45,45.54
37.25,127.5,45.51
37.25,127.55,44.78
37.25,127.6,45.0
37.25,127.65,44.24
37.25,127.7,44.71
37.25,127.75,47.15
37.25,127.8,47.47
37.25,127.85,49.04
37.25,127.9,50.4
37.25,127.95,52.02
37.25,128.0,52.0
37.25,128.05,52.67
37.25,128.1,52.04
37.25,128.15,54.53
37.25,128.2,52.48
37.25,128.25,49.79
37.25,128.3,49.33
37.25,128.35,48.26
37.25,128.4,48.71
37.25,128.45,47.18
37.25,128.5,49.83
37.25,128.55,47.74
37.25,128.6,46.32
37.25,128.65,47.69
37.25,128.7,50.07
37.25,128.75,49.69
37.25,128.8,49.82
37.25,128.85,49.41
37.25,128.9,49.79
37.25,128.95,51.27
37.25,129.0,49.64
37.25,129.05,46.22
37.25,129.1,48.3
37.25,129.15,51.17
37.25,129.2,49.75
37.25,129.25,52.59
37.25,129.3,52.78
37.25,129.35,51.22
37.3,126.6,39.07
37.3,126.65,40.39
37.3,126.7,40.74
37.3,126.75,40.98
37.3,126.8,42.37
37.3,126.85,43.22
37.3,126.9,44.96
37.3,126.95,46.51
37.3,127.0,47.73
37.3,127.05,48.26
37.3,127.1,48.6
37.3,127.15,49.15
37.3,127.2,49.38
37.3,127.25,49.08
37.3,127.3,53.07
37.3,127.35,49.79
37.3,127.4,48.31
37.3,127.45,46.2
37.3,127.5,45.58
37.3,127.55,45.1
37.3,127.6,44.87
37.3,127.65,44.4
37.3,127.7,45.62
37.3,127.75,49.64
37.3,127.8,47.98
37.3,127.85,49.04
37.3,127.9,49.29
37.3,127.95,49.32
37.3,128.0,50.35
37.3,128.05,55.64
37.3,128.1,54.54
37.3,128.15,53.73
37.3,128.2,52.42
37.3,128.25,52.48
37.3,128.3,52.36
37.3,128.35,48.35
37.3,128.4,49.83
37.3,128.45,49.79
37.3,128.5,51.14
37.3,128.55,48.37
37.3,128.6,49.52
37.3,128.65,46.6
37.3,128.7,46.6
37.3,128.75,48.13
37.3,128.8,49.16
37.3,128.85,49.11
37.3,128.9,49.34
37.3,128.95,48.85
37.3,129.0,48.28
37.3,129.05,47.67
37.3,129.1,46.79
37.3,129.15,48.65
37.3,129.2,51.03
37.3,129.25,51.41
37.3,129.3,50.38
37.35,126.45,41.28
37.35,126.65,41.85
37.35,126.7,43.6
37.35,126.75,43.33
37.35,126.8,44.0
37.35,126.85,45.77
37.35,126.9,47.44
37.35,126.95,47.91
37.35,127.0,48.18
37.35,127.05,49.49
37.35,127.1,49.13
37.35,127.15,48.93
37.35,127.2,50.18
37.35,127.25,49.43
37.35,127.3,51.57
37.35,127.35,51.1
37.35,127.4,51.1
37.35,127.45,53.32
37.35,127.5,49.1
37.35,127.55,46.24
37.35,127.6,46.64
37.35,127.65,48.44
37.35,127.7,49.32
37.35,127.75,52.51
37.35,127.8,51.16
37.35,127.85,49.18
37.35,127.9,49.32
37.35,127.95,48.97
37.35,128.0,50.93
37.35,128.05,56.95
37.35,128.1,55.22
37.35,128.15,52.48
37.35,128.2,53.58
37.35,128.25,56.66
37.35,128.3,55.2
37.35,128.35,53.0
37.35,128.4,47.71
37.35,128.45,53.05
37.35,128.5,53.36
37.35,128.55,52.45
37.35,128.6,49.15
37.35,128.65,47.2
37.35,128.7,46.82
37.35,128.75,46.5
37.35,128.8,46.99
37.35,128.85,47.9
37.35,128.9,46.7
37.35,128.95,47.63
37.35,129.0,49.96
37.35,129.05,48.53
37.35,129.1,46.94
37.35,129.15,49.54
37.35,129.2,50.69
37.35,129.25,49.75
37.4,126.65,43.71
37.4,126.7,43.6
37.4,126.75,44.5
37.4,126.8,45.53
37.4,126.85,47.01
37.4,126.9,47.67
37.4,126.95,47.81
37.4,127.0,48.51
37.4,127.05,49.38
37.4,127.1,49.77
37.4,127.15,48.77
37.4,127.2,50.2
37.4,127.25,50.95
37.4,127.3,52.07
37.4,127.35,56.57
37.4,127.4,58.64
37.4,127.45,54.56
37.4,127.5,51.1
37.4,127.55,46.95
37.4,127.6,47.63
37.4,127.65,52.14
37.4,127.7,50.67
37.4,127.75,49.83
37.4,127.8,50.28
37.4,127.85,50.34
37.4,127.9,50.2
37.4,127.95,49.73
37.4,128.0,49.74
37.4,128.05,52.99
37.4,128.1,53.91
37.4,128.15,50.93
37.4,128.2,52.15
37.4,128.25,57.98
37.4,128.3,59.41
37.4,128.35,54.82
37.4,128.4,49.22
37.4,128.45,56.4
37.4,128.5,60.55
37.4,128.55,57.74
37.4,128.6,51.04
37.4,128.65,49.14
37.4,128.7,47.97
37.4,128.75,50.32
37.4,128.8,48.98
37.4,128.85,47.68
37.4,128.9,48.59
37.4,128.95,49.21
37.4,129.0,51.58
37.4,129.05,49.07
37.4,129.1,48.86
37.4,129.15,50.4
37.4,129.2,50.26
37.4,129.25,49.55
37.45,126.4,42.11
37.45,126.45,41.54
37.45,126.5,43.35
37.45,126.55,46.09
37.45,126.65,46.72
37.45,126.7,45.99
37.45,126.75,46.76
37.45,126.8,48.17
37.45,126.85,48.73
37.45,126.9,48.07
37.45,126.95,48.05
37.45,127.0,49.31
37.45,127.05,49.08
37.45,127.1,50.06
37.45,127.15,49.14
37.45,127.2,51.18
37.45,127.25,51.65
37.45,127.3,50.68
37.45,127.35,54.42
37.45,127.4,53.27
37.45,127.45,57.67
37.45,127.5,53.08
37.45,127.55,52.2
37.45,127.6,52.68
37.45,127.65,50.05
37.45,127.7,54.66
37.45,127.75,52.32
37.45,127.8,52.12
37.45,127.85,52.14
37.45,127.9,54.36
37.45,127.95,51.16
37.45,128.0,49.68
37.45,128.05,49.88
37.45,128.1,51.32
37.45,128.15,53.2
37.45,128.2,53.47
37.45,128.25,58.23
37.45,128.3,58.03
37.45,128.35,58.07
37.45,128.4,56.47
37.45,128.45,51.71
37.45,128.5,57.3
37.45,128.55,62.13
37.45,128.6,58.11
37.45,128.65,51.56
37.45,128.7,48.54
37.45,128.75,47.16
37.45,128.8,47.18
37.45,128.85,47.04
37.45,128.9,50.63
37.45,128.95,53.8
37.45,129.0,52.19
37.45,129.05,49.81
37.45,129.1,49.95
37.45,129.15,50.32
37.45,129.2,51.55
37.45,130.85,51.89
37.45,130.9,57.79
37.5,126.45,42.98
37.5,126.5,44.92
37.5,126.55,46.21
37.5,126.6,45.27
37.5,126.65,46.39
37.5,126.7,47.31
37.5,126.75,47.54
37.5,126.8,48.99
37.5,126.85,48.77
37.5,126.9,49.1
37.5,126.95,48.65
37.5,127.0,49.37
37.5,127.05,50.18
37.5,127.1,49.69
37.5,127.15,50.89
37.5,127.2,51.72
37.5,127.25,51.64
37.5,127.3,51.82
37.5,127.35,54.61
37.5,127.4,52.04
37.5,127.45,52.77
37.5,127.5,55.97
37.5,127.55,61.2
37.5,127.6,56.28
37.5,127.65,53.19
37.5,127.7,53.88
37.5,127.75,54.85
37.5,127.8,55.33
37.5,127.85,56.96
37.5,127.9,54.84
37.5,127.95,53.0
37.5,128.0,50.42
37.5,128.05,51.2
37.5,128.1,52.99
37.5,128.15,54.24
37.5,128.2,55.6
37.5,128.25,56.72
37.5,128.3,61.08
37.5,128.35,60.79
37.5,128.4,56.36
37.5,128.45,56.53
37.5,128.5,58.24
37.5,128.55,57.43
37.5,128.6,55.15
37.5,128.65,58.81
37.5,128.7,54.92
37.5,128.75,49.89
37.5,128.8,51.88
37.5,128.85,50.08
37.5,128.9,51.39
37.5,128.95,54.4
37.5,129.0,52.22
37.5,129.05,50.01
37.5,129.1,50.64
37.5,129.15,50.42
37.5,130.8,40.87
37.5,130.85,52.29
37.5,130.9,62.92
37.55,126.6,44.32
37.55,126.65,45.87
37.55,126.7,47.94
37.55,126.75,47.86
37.55,126.8,48.63
37.55,126.85,49.51
37.55,126.9,49.21
37.55,126.95,50.32
37.55,127.0,49.28
37.55,127.05,51.58
37.55,127.1,52.15
37.55,127.15,52.53
37.55,127.2,52.05
37.55,127.25,52.5
37.55,127.3,54.31
37.55,127.35,53.67
37.55,127.4,58.7
37.55,127.45,60.86
37.55,127.5,66.71
37.55,127.55,73.44
37.55,127.6,67.07
37.55,127.65,58.62
37.55,127.7,54.02
37.55,127.75,53.68
37.55,127.8,54.75
37.55,127.85,56.7
37.55,127.9,55.29
37.55,127.95,52.02
37.55,128.0,50.87
37.55,128.05,51.33
37.55,128.1,53.03
37.55,128.15,53.55
37.55,128.2,54.89
37.55,128.25,56.98
37.55,128.3,60.3
37.55,128.35,58.26
37.55,128.4,56.5
37.55,128.45,56.18
37.55,128.5,57.34
37.55,128.55,54.67
37.55,128.6,57.98
37.55,128.65,57.91
37.55,128.7,54.47
37.55,128.75,53.35
37.55,128.8,53.18
37.55,128.85,56.04
37.55,128.9,56.02
37.55,128.95,51.59
37.55,129.0,51.88
37.55,129.05,51.4
37.55,129.1,48.46
37.6,126.4,49.4
37.6,126.45,48.3
37.6,126.5,44.28
37.6,126.55,43.97
37.6,126.6,45.18
37.6,126.65,46.99
37.6,126.7,47.3
37.6,126.75,47.55
37.6,126.8,48.64
37.6,126.85,48.34
37.6,126.9,48.74
37.6,126.95,49.66
37.6,127.0,53.18
37.6,127.05,52.54
37.6,127.1,52.49
37.6,127.15,52.65
37.6,127.2,53.68
37.6,127.25,54.26
37.6,127.3,55.12
37.6,127.35,55.51
37.6,127.4,57.32
37.6,127.45,61.13
37.6,127.5,61.77
37.6,127.55,63.46
37.6,127.6,61.68
37.6,127.65,59.85
37.6,127.7,58.76
37.6,127.75,56.53
37.6,127.8,55.73
37.6,127.85,57.62
37.6,127.9,56.32
37.6,127.95,55.04
37.6,128.0,52.44
37.6,128.05,53.53
37.6,128.1,54.61
37.6,128.15,54.03
37.6,128.2,55.21
37.6,128.25,58.07
37.6,128.3,62.23
37.6,128.35,58.04
37.6,128.4,55.51
37.6,128.45,55.36
37.6,128.5,54.43
37.6,128.55,51.67
37.6,128.6,55.96
37.6,128.65,58.1
37.6,128.7,56.67
37.6,128.75,54.63
37.6,128.8,54.7
37.6,128.85,56.48
37.6,128.9,55.52
37.6,128.95,53.13
37.6,129.0,51.72
37.6,129.05,50.71
37.6,129.1,48.47
37.65,125.7,43.8
37.65,126.2,41.17
37.65,126.35,46.18
37.65,126.4,45.86
37.65,126.45,47.15
37.65,126.5,44.93
37.65,126.55,43.91
37.65,126.6,44.99
37.65,126.65,46.48
37.65,126.7,47.37
37.65,126.75,47.99
37.65,126.8,48.4
37.65,126.85,48.77
37.65,126.9,49.14
37.65,126.95,49.77
37.65,127.0,53.62
37.65,127.05,53.66
37.65,127.1,53.33
37.65,127.15,54.82
37.65,127.2,55.58
37.65,127.25,55.48
37.65,127.3,56.48
37.65,127.35,57.12
37.65,127.4,59.08
37.65,127.45,60.81
37.65,127.5,56.27
37.65,127.55,59.28
37.65,127.6,54.49
37.65,127.65,55.87
37.65,127.7,57.41
37.65,127.75,55.97
37.65,127.8,57.18
37.65,127.85,55.14
37.65,127.9,54.14
37.65,127.95,53.22
37.65,128.0,53.99
37.65,128.05,54.56
37.65,128.1,55.14
37.65,128.15,53.89
37.65,128.2,53.62
37.65,128.25,55.06
37.65,128.3,60.57
37.65,128.35,58.15
37.65,128.4,57.63
37.65,128.45,56.66
37.65,128.5,54.99
37.65,128.55,53.41
37.65,128.6,52.14
37.65,128.65,55.21
37.65,128.7,54.73
37.65,128.75,57.81
37.65,128.8,55.29
37.65,128.85,53.5
37.65,128.9,54.82
37.65,128.95,54.02
37.65,129.0,53.05
37.65,129.05,50.43
37.7,126.3,42.12
37.7,126.35,44.1
37.7,126.4,45.66
37.7,126.45,50.89
37.7,126.5,45.32
37.7,126.55,44.95
37.7,126.6,44.81
37.7,126.65,45.92
37.7,126.7,47.41
37.7,126.75,48.7
37.7,126.8,49.93
37.7,126.85,49.43
37.7,126.9,49.83
37.7,126.95,50.86
37.7,127.0,53.38
37.7,127.05,55.44
37.7,127.1,53.59
37.7,127.15,53.74
37.7,127.2,53.5
37.7,127.25,56.01
37.7,127.3,57.27
37.7,127.35,59.91
37.7,127.4,58.62
37.7,127.45,59.22
37.7,127.5,55.81
37.7,127.55,55.33
37.7,127.6,54.39
37.7,127.65,56.12
37.7,127.7,53.65
37.7,127.75,56.23
37.7,127.8,54.84
37.7,127.85,54.02
37.7,127.9,52.61
37.7,127.95,52.63
37.7,128.0,56.18
37.7,128.05,54.46
37.7,128.1,54.07
37.7,128.15,52.92
37.7,128.2,51.4
37.7,128.25,51.86
37.7,128.3,53.64
37.7,128.35,56.75
37.7,128.4,56.05
37.7,128.45,57.36
37.7,128.5,58.63
37.7,128.55,56.33
37.7,128.6,54.16
37.7,128.65,56.2
37.7,128.7,58.08
37.7,128.75,61.66
37.7,128.8,55.12
37.7,128.85,51.87
37.7,128.9,51.81
37.7,128.95,51.96
37.7,129.0,50.76
37.7,129.05,49.28
37.75,126.25,43.82
37.75,126.3,44.67
37.75,126.35,43.37
37.75,126.4,45.32
37.75,126.45,47.28
37.75,126.5,45.07
37.75,126.55,46.6
37.75,126.6,45.6
37.75,126.65,46.21
37.75,126.7,47.86
37.75,126.75,50.29
37.75,126.8,50.85
37.75,126.85,49.85
37.75,126.9,50.37
37.75,126.95,52.78
37.75,127.0,54.26
37.75,127.05,54.37
37.75,127.1,52.97
37.75,127.15,54.8
37.75,127.2,55.22
37.75,127.25,59.58
37.75,127.3,63.47
37.75,127.35,65.98
37.75,127.4,60.57
37.75,127.45,58.1
37.75,127.5,59.09
37.75,127.55,56.17
37.75,127.6,59.13
37.75,127.65,56.46
37.75,127.7,56.9
37.75,127.75,55.79
37.75,127.8,55.85
37.75,127.85,56.96
37.75,127.9,54.27
37.75,127.95,52.0
37.75,128.0,53.12
37.75,128.05,53.65
37.75,128.1,53.03
37.75,128.15,51.03
37.75,128.2,51.61
37.75,128.25,54.88
37.75,128.3,54.62
37.75,128.35,55.89
37.75,128.4,54.19
37.75,128.45,56.38
37.75,128.5,57.53
37.75,128.55,59.59
37.75,128.6,57.59
37.75,128.65,59.41
37.75,128.7,64.14
37.75,128.75,61.11
37.75,128.8,54.73
37.75,128.85,52.23
37.75,128.9,52.1
37.75,128.95,50.37
37.75,129.0,48.26
37.8,124.7,33.09
37.8,126.25,43.74
37.8,126.3,44.38
37.8,126.4,43.99
37.8,126.45,45.56
37.8,126.5,45.15
37.8,126.7,47.55
37.8,126.75,49.47
37.8,126.8,48.97
37.8,126.85,50.45
37.8,126.9,51.8
37.8,126.95,52.5
37.8,127.0,53.34
37.8,127.05,53.91
37.8,127.1,53.41
37.8,127.15,56.04
37.8,127.2,56.97
37.8,127.25,62.04
37.8,127.3,66.61
37.8,127.35,60.17
37.8,127.4,63.03
37.8,127.45,63.08
37.8,127.5,54.77
37.8,127.55,56.17
37.8,127.6,56.72
37.8,127.65,55.99
37.8,127.7,55.01
37.8,127.75,55.44
37.8,127.8,57.87
37.8,127.85,58.59
37.8,127.9,56.99
37.8,127.95,54.67
37.8,128.0,50.95
37.8,128.05,51.24
37.8,128.1,51.29
37.8,128.15,51.54
37.8,128.2,53.5
37.8,128.25,53.5
37.8,128.3,53.12
37.8,128.35,55.83
37.8,128.4,54.47
37.8,128.45,54.09
37.8,128.5,55.83
37.8,128.55,60.06
37.8,128.6,59.83
37.8,128.65,59.92
37.8,128.7,59.46
37.8,128.75,57.22
37.8,128.8,51.47
37.8,128.85,47.58
37.8,128.9,47.24
37.85,126.7,46.02
37.85,126.75,47.83
37.85,126.8,50.31
37.85,126.85,52.38
37.85,126.9,54.48
37.85,126.95,55.35
37.85,127.0,53.71
37.85,127.05,53.99
37.85,127.1,57.97
37.85,127.15,60.29
37.85,127.2,56.82
37.85,127.25,61.56
37.85,127.3,61.29
37.85,127.35,60.78
37.85,127.4,61.67
37.85,127.45,63.68
37.85,127.5,59.07
37.85,127.55,60.28
37.85,127.6,59.45
37.85,127.65,57.25
37.85,127.7,52.41
37.85,127.75,51.56
37.85,127.8,55.06
37.85,127.85,56.39
37.85,127.9,58.55
37.85,127.95,59.16
37.85,128.0,55.97
37.85,128.05,50.24
37.85,128.1,54.69
37.85,128.15,55.55
37.85,128.2,57.07
37.85,128.25,52.95
37.85,128.3,51.38
37.85,128.35,52.74
37.85,128.4,58.27
37.85,128.45,57.71
37.85,128.5,58.39
37.85,128.55,59.34
37.85,128.6,60.09
37.85,128.65,58.12
37.85,128.7,56.18
37.85,128.75,51.08
37.85,128.8,44.9
37.85,128.85,43.63
37.9,124.65,31.71
37.9,124.7,34.15
37.9,126.7,46.91
37.9,126.75,49.22
37.9,126.8,50.06
37.9,126.85,50.67
37.9,126.9,54.2
37.9,126.95,56.74
37.9,127.0,55.2
37.9,127.05,53.69
37.9,127.1,58.58
37.9,127.15,64.67
37.9,127.2,57.99
37.9,127.25,56.61
37.9,127.3,55.99
37.9,127.35,58.46
37.9,127.4,60.11
37.9,127.45,60.87
37.9,127.5,59.95
37.9,127.55,60.07
37.9,127.6,61.35
37.9,127.65,57.82
37.9,127.7,51.2
37.9,127.75,50.49
37.9,127.8,53.09
37.9,127.85,55.14
37.9,127.9,54.1
37.9,127.95,55.67
37.9,128.0,55.51
37.9,128.05,51.6
37.9,128.1,55.91
37.9,128.15,58.39
37.9,128.2,57.01
37.9,128.25,54.31
37.9,128.3,49.02
37.9,128.35,53.05
37.9,128.4,55.34
37.9,128.45,56.72
37.9,128.5,55.79
37.9,128.55,58.18
37.9,128.6,58.35
37.9,128.65,54.6
37.9,128.7,53.96
37.9,128.75,50.71
37.9,128.8,45.25
37.9,128.85,43.66
37.95,124.6,28.93
37.95,124.65,31.11
37.95,124.7,33.44
37.95,126.65,51.18
37.95,126.7,49.86
37.95,126.75,50.64
37.95,126.8,49.42
37.95,126.85,49.31
37.95,126.9,51.62
37.95,126.95,53.81
37.95,127.0,56.01
37.95,127.05,55.39
37.95,127.1,57.26
37.95,127.15,56.45
37.95,127.2,55.13
37.95,127.25,54.65
37.95,127.3,57.73
37.95,127.35,56.74
37.95,127.4,58.95
37.95,127.45,59.24
37.95,127.5,59.93
37.95,127.55,59.78
37.95,127.6,58.25
37.95,127.65,56.36
37.95,127.7,53.6
37.95,127.75,53.27
37.95,127.8,55.78
37.95,127.85,55.44
37.95,127.9,54.34
37.95,127.95,54.55
37.95,128.0,55.46
37.95,128.05,53.03
37.95,128.1,53.98
37.95,128.15,54.61
37.95,128.2,54.81
37.95,128.25,54.09
37.95,128.3,47.54
37.95,128.35,45.6
37.95,128.4,51.06
37.95,128.45,54.33
37.95,128.5,57.56
37.95,128.55,57.19
37.95,128.6,58.02
37.95,128.65,55.62
37.95,128.7,55.13
37.95,128.75,50.26
38.0,126.65,51.68
38.0,126.7,50.35
38.0,126.75,49.45
38.0,126.8,49.87
38.0,126.85,50.4
38.0,126.9,51.82
38.0,126.95,52.59
38.0,127.0,51.17
38.0,127.05,52.23
38.0,127.1,52.81
38.0,127.15,53.95
38.0,127.2,53.82
38.0,127.25,52.73
38.0,127.3,55.35
38.0,127.35,54.38
38.0,127.4,54.6
38.0,127.45,57.42
38.0,127.5,59.07
38.0,127.55,60.54
38.0,127.6,56.95
38.0,127.65,54.16
38.0,127.7,54.04
38.0,127.75,55.64
38.0,127.8,57.11
38.0,127.85,57.54
38.0,127.9,55.23
38.0,127.95,52.74
38.0,128.0,53.92
38.0,128.05,52.01
38.0,128.1,50.9
38.0,128.15,51.45
38.0,128.2,53.45
38.0,128.25,50.52
38.0,128.3,48.99
38.0,128.35,50.46
38.0,128.4,52.48
38.0,128.45,57.84
38.0,128.5,59.82
38.0,128.55,56.47
38.0,128.6,56.95
38.0,128.65,55.73
38.0,128.7,54.02
38.0,128.75,51.81
38.05,126.75,52.01
38.05,126.8,51.29
38.05,126.85,50.48
38.05,126.9,53.08
38.05,126.95,52.88
38.05,127.0,50.28
38.05,127.05,51.46
38.05,127.1,52.0
38.05,127.15,52.43
38.05,127.2,52.79
38.05,127.25,52.57
38.05,127.3,51.05
38.05,127.35,52.74
38.05,127.4,52.14
38.05,127.45,54.1
38.05,127.5,56.74
38.05,127.55,57.13
38.05,127.6,55.52
38.05,127.65,52.85
38.05,127.7,52.66
38.05,127.75,54.22
38.05,127.8,53.63
38.05,127.85,54.61
38.05,127.9,56.1
38.05,127.95,54.76
38.05,128.0,51.42
38.05,128.05,52.77
38.05,128.1,55.03
38.05,128.15,54.61
38.05,128.2,51.49
38.05,128.25,53.9
38.05,128.3,53.54
38.05,128.35,52.4
38.05,128.4,55.53
38.05,128.45,59.44
38.05,128.5,57.74
38.05,128.55,57.59
38.05,128.6,55.92
38.05,128.65,54.08
38.05,128.7,54.21
38.1,126.75,52.18
38.1,126.8,50.95
38.1,126.85,51.08
38.1,126.9,52.87
38.1,126.95,51.68
38.1,127.0,49.03
38.1,127.05,49.71
38.1,127.1,51.31
38.1,127.15,52.7
38.1,127.2,52.94
38.1,127.25,50.02
38.1,127.3,46.5
38.1,127.35,49.15
38.1,127.4,51.16
38.1,127.45,53.16
38.1,127.5,55.63
38.1,127.55,56.76
38.1,127.6,54.94
38.1,127.65,52.04
38.1,127.7,51.8
38.1,127.75,53.53
38.1,127.8,52.23
38.1,127.85,51.95
38.1,127.9,52.4
38.1,127.95,53.11
38.1,128.0,49.82
38.1,128.05,50.96
38.1,128.1,54.6
38.1,128.15,54.66
38.1,128.2,49.16
38.1,128.25,51.79
38.1,128.3,54.18
38.1,128.35,57.28
38.1,128.4,60.75
38.1,128.45,61.43
38.1,128.5,63.45
38.1,128.55,64.27
38.1,128.6,59.28
38.1,128.65,53.97
38.15,126.8,52.19
38.15,126.85,53.55
38.15,126.9,53.04
38.15,126.95,51.66
38.15,127.0,50.1
38.15,127.05,50.85
38.15,127.1,53.08
38.15,127.15,54.18
38.15,127.2,55.24
38.15,127.25,51.2
38.15,127.3,48.45
38.15,127.35,48.39
38.15,127.4,51.35
38.15,127.45,51.52
38.15,127.5,54.41
38.15,127.55,55.41
38.15,127.6,53.4
38.15,127.65,51.58
38.15,127.7,51.51
38.15,127.75,52.47
38.15,127.8,55.18
38.15,127.85,53.07
38.15,127.9,52.56
38.15,127.95,52.78
38.15,128.0,52.86
38.15,128.05,52.08
38.15,128.1,54.74
38.15,128.15,53.42
38.15,128.2,51.4
38.15,128.25,51.16
38.15,128.3,53.1
38.15,128.35,60.6
38.15,128.4,61.62
38.15,128.45,65.83
38.15,128.5,69.74
38.15,128.55,63.1
38.15,128.6,58.24
38.2,126.85,54.0
38.2,126.9,53.34
38.2,126.95,51.72
38.2,127.0,50.22
38.2,127.05,51.86
38.2,127.1,52.47
38.2,127.15,53.51
38.2,127.2,55.83
38.2,127.25,51.98
38.2,127.3,50.93
38.2,127.35,52.55
38.2,127.4,52.5
38.2,127.45,51.99
38.2,127.5,53.6
38.2,127.55,56.17
38.2,127.6,53.81
38.2,127.65,53.91
38.2,127.7,54.55
38.2,127.75,53.51
38.2,127.8,52.75
38.2,127.85,53.22
38.2,127.9,53.22
38.2,127.95,51.36
38.2,128.0,54.44
38.2,128.05,52.92
38.2,128.1,56.94
38.2,128.15,58.45
38.2,128.2,51.06
38.2,128.25,53.86
38.2,128.3,57.13
38.2,128.35,57.52
38.2,128.4,62.44
38.2,128.45,69.89
38.2,128.5,62.14
38.2,128.55,56.19
38.2,128.6,53.54
38.25,127.0,49.28
38.25,127.05,50.31
38.25,127.1,52.36
38.25,127.15,52.86
38.25,127.2,52.28
38.25,127.25,51.84
38.25,127.3,53.31
38.25,127.35,55.72
38.25,127.4,52.32
38.25,127.45,51.37
38.25,127.5,51.72
38.25,127.55,51.9
38.25,127.6,52.41
38.25,127.65,53.07
38.25,127.7,54.89
38.25,127.75,53.9
38.25,127.8,49.34
38.25,127.85,51.46
38.25,127.9,52.23
38.25,127.95,58.05
38.25,128.0,55.31
38.25,128.05,55.74
38.25,128.1,60.65
38.25,128.15,58.57
38.25,128.2,53.6
38.25,128.25,54.72
38.25,128.3,58.21
38.25,128.35,60.17
38.25,128.4,60.92
38.25,128.45,61.33
38.25,128.5,55.87
38.25,128.55,52.94
38.25,128.6,51.48
38.3,127.15,54.02
38.3,127.2,52.06
38.3,127.25,51.57
38.3,127.3,53.43
38.3,127.35,55.49
38.3,127.4,52.91
38.3,127.45,52.5
38.3,127.5,52.13
38.3,127.55,51.54
38.3,127.6,52.07
38.3,127.65,51.65
38.3,127.7,52.68
38.3,127.75,52.21
38.3,127.8,50.39
38.3,127.85,51.51
38.3,127.9,53.71
38.3,127.95,58.41
38.3,128.0,55.75
38.3,128.05,55.81
38.3,128.1,59.98
38.3,128.15,58.27
38.3,128.2,54.86
38.3,128.25,55.57
38.3,128.3,58.91
38.3,128.35,57.01
38.3,128.4,56.12
38.3,128.45,55.45
38.3,128.5,54.02
38.3,128.55,52.52
38.35,127.75,49.7
38.35,127.8,49.47
38.35,128.15,55.83
38.35,128.2,53.68
38.35,128.25,56.86
38.35,128.3,57.85
38.35,128.35,56.26
38.35,128.4,51.91
38.35,128.45,51.78
38.35,128.5,51.51
38.4,128.25,55.09
38.4,128.3,53.48
38.4,128.35,55.32
38.4,128.4,51.37
38.4,128.45,50.07
38.4,128.5,50.5
38.45,128.3,50.89
38.45,128.35,52.19
38.45,128.4,45.94
38.45,128.45,45.09
38.5,128.3,49.06
38.5,128.35,50.9
38.5,128.4,47.9
38.55,128.35,50.96
38.55,128.4,49.31
38.6,128.35,49.78
